stamp,label,p_feeding,p_alert,p_empty,action,confidence,risk_best,ambiguity_best
1789343715.1059246,alert,0.0321,0.7528,0.2151,approach,0.372,1.8626,0.3898
1789343715.2983704,alert,0.0107,0.6949,0.2944,hold,0.342,1.6359,0.6655
1789343715.4957857,alert,0.0041,0.6866,0.3093,hold,0.343,1.6369,0.6687
1789343715.699,alert,0.0049,0.7497,0.2454,approach,0.353,1.8786,0.3949
1789343715.9189837,alert,0.0062,0.7675,0.2263,approach,0.362,1.8693,0.3905
1789343716.0991063,alert,0.0103,0.6825,0.3072,hold,0.342,1.6375,0.6689
1789343716.3166904,alert,0.0065,0.8106,0.1829,approach,0.383,1.8492,0.3801
1789343716.5132277,alert,0.0033,0.6024,0.3943,retreat,0.38,1.3573,0.9567
1789343716.700663,empty,0.0012,0.3676,0.6312,retreat,0.528,1.3486,0.9743
1789343716.9006844,alert,0.0015,0.7676,0.2309,approach,0.359,1.8718,0.3912
1789343717.0998385,alert,0.0017,0.7862,0.2121,approach,0.368,1.8628,0.3867
1789343717.2969894,alert,0.0039,0.8655,0.1306,approach,0.407,1.8269,0.3674
1789343717.5043874,alert,0.0041,0.5719,0.424,retreat,0.396,1.3561,0.9589
1789343717.6976967,alert,0.0086,0.7092,0.2822,hold,0.342,1.634,0.662
1789343717.9007409,alert,0.0086,0.5759,0.4155,retreat,0.392,1.3569,0.9583
1789343718.098659,alert,0.0028,0.7301,0.2671,hold,0.343,1.6314,0.6573
1789343718.309628,empty,0.0009,0.2744,0.7247,retreat,0.593,1.3463,0.9813
1789343718.4983563,alert,0.0017,0.842,0.1563,approach,0.395,1.8378,0.3734
1789343718.7043364,alert,0.0032,0.8207,0.1761,approach,0.386,1.8464,0.3782
1789343718.9005105,empty,0.0007,0.4236,0.5757,retreat,0.491,1.3502,0.9702
1789343719.119522,alert,0.0026,0.6943,0.3031,hold,0.343,1.6358,0.6668
1789343719.3205843,alert,0.0121,0.7886,0.1993,approach,0.376,1.8564,0.3845
1789343719.504844,alert,0.0083,0.7893,0.2024,approach,0.374,1.858,0.3849
1789343719.6971016,alert,0.0048,0.6856,0.3096,hold,0.343,1.637,0.6689
1789343719.9168415,alert,0.005,0.843,0.152,approach,0.397,1.8358,0.3726
1789343720.1136382,alert,0.0067,0.9845,0.0088,approach,0.463,1.7818,0.3385
1789343720.3130703,alert,0.0039,0.6807,0.3154,hold,0.343,1.6377,0.6703
1789343720.5003126,alert,0.0098,0.8572,0.133,approach,0.407,1.8276,0.3684
1789343720.7120905,alert,0.0076,0.9299,0.0625,approach,0.439,1.8003,0.3514
1789343720.9018059,alert,0.0054,0.9652,0.0294,approach,0.453,1.7887,0.3433
1789343721.1090775,alert,0.0026,0.9713,0.0261,approach,0.455,1.7877,0.3423
1789343721.3057516,alert,0.0014,0.9711,0.0275,approach,0.454,1.7882,0.3425
1789343721.4992285,alert,0.0009,0.9927,0.0064,approach,0.463,1.7812,0.3375
1789343721.7001305,alert,0.0005,0.9987,0.0008,approach,0.465,1.7795,0.3361
1789343721.9083412,alert,0.0011,0.9989,0.0,approach,0.466,1.7792,0.3359
1789343722.1126707,alert,0.0006,0.9991,0.0003,approach,0.466,1.7793,0.336
1789343722.301541,alert,0.0073,0.988,0.0047,approach,0.465,1.7805,0.3375
1789343722.5248835,alert,0.0054,0.9919,0.0027,approach,0.465,1.7799,0.3369
1789343722.7021818,alert,0.0041,0.9769,0.019,approach,0.458,1.7853,0.3407
1789343722.910328,alert,0.0009,0.9977,0.0014,approach,0.465,1.7796,0.3363
1789343723.0963492,alert,0.0004,0.9996,0.0,approach,0.466,1.7792,0.3359
1789343723.3010833,alert,0.0,0.9999,0.0001,approach,0.466,1.7792,0.3359
1789343723.5044367,alert,0.0001,0.9998,0.0001,approach,0.466,1.7792,0.3359
1789343723.699523,alert,0.0006,0.9994,0.0,approach,0.466,1.7792,0.3359
1789343723.8996458,alert,0.0028,0.9971,0.0001,approach,0.466,1.7792,0.3361
1789343724.1123278,alert,0.0019,0.998,0.0001,approach,0.466,1.7792,0.336
1789343724.3091674,alert,0.0017,0.9982,0.0001,approach,0.466,1.7792,0.336
1789343724.5174408,alert,0.0013,0.9986,0.0001,approach,0.466,1.7792,0.336
1789343724.7067158,alert,0.0058,0.9941,0.0001,approach,0.466,1.7791,0.3363
1789343724.9109967,alert,0.0027,0.9972,0.0001,approach,0.466,1.7792,0.3361
1789343725.1001313,alert,0.0043,0.9957,0.0,approach,0.466,1.7791,0.3362
1789343725.315176,alert,0.002,0.998,0.0,approach,0.466,1.7792,0.336
1789343725.5223181,alert,0.0011,0.9989,0.0,approach,0.466,1.7792,0.3359
1789343725.7135117,alert,0.0001,0.9999,0.0,approach,0.466,1.7792,0.3359
1789343725.9070501,alert,0.0065,0.9934,0.0001,approach,0.466,1.779,0.3364
1789343726.1056402,alert,0.0025,0.9974,0.0001,approach,0.466,1.7792,0.3361
1789343726.3181155,alert,0.0313,0.9687,0.0,approach,0.47,1.7782,0.3383
1789343726.5172744,alert,0.0163,0.9837,0.0,approach,0.468,1.7787,0.3371
1789343726.701133,alert,0.0007,0.9993,0.0,approach,0.466,1.7792,0.3359
1789343726.9015245,alert,0.0024,0.9973,0.0003,approach,0.466,1.7792,0.3361
1789343727.1018345,alert,0.0203,0.9772,0.0025,approach,0.467,1.7794,0.338
1789343727.328082,alert,0.0112,0.9849,0.0039,approach,0.465,1.7801,0.3377
1789343727.5193343,alert,0.0027,0.9954,0.0019,approach,0.465,1.7797,0.3365
1789343727.7302523,alert,0.0015,0.9883,0.0102,approach,0.461,1.7825,0.3384
1789343727.9076064,alert,0.0005,0.9261,0.0734,approach,0.433,1.8046,0.3535
1789343728.105147,alert,0.0008,0.8728,0.1264,approach,0.409,1.8253,0.3662
1789343728.3406568,alert,0.0006,0.638,0.3614,retreat,0.361,1.3585,0.9542
1789343728.5209525,alert,0.0021,0.9925,0.0054,approach,0.464,1.7809,0.3373
1789343728.714111,alert,0.0003,0.8889,0.1108,approach,0.416,1.819,0.3624
1789343728.90356,empty,0.0002,0.1368,0.863,retreat,0.688,1.3439,0.9916
1789343729.1088614,alert,0.0005,0.8086,0.1909,approach,0.378,1.8531,0.3816
1789343729.3024511,alert,0.0005,0.9687,0.0308,approach,0.452,1.7894,0.3433
1789343729.53102,alert,0.0001,0.8898,0.1101,approach,0.416,1.8187,0.3622
1789343729.7009149,alert,0.0002,0.9898,0.01,approach,0.461,1.7824,0.3383
1789343729.908553,alert,0.0001,0.992,0.0079,approach,0.462,1.7818,0.3378
1789343730.1212175,alert,0.0001,0.9978,0.0021,approach,0.465,1.7799,0.3364
1789343730.3005283,alert,0.0012,0.961,0.0378,approach,0.449,1.7918,0.345
1789343730.4972086,alert,0.0002,0.8325,0.1673,approach,0.389,1.8426,0.3759
1789343730.6983995,empty,0.0002,0.3605,0.6393,retreat,0.534,1.3483,0.9749
1789343730.903382,empty,0.0002,0.087,0.9128,retreat,0.72,1.3434,0.9953
1789343731.1085126,empty,0.0004,0.0852,0.9144,retreat,0.721,1.3434,0.9955
1789343731.298455,empty,0.0012,0.365,0.6338,retreat,0.53,1.3485,0.9745
1789343731.515066,empty,0.001,0.421,0.578,retreat,0.492,1.3502,0.9704
1789343731.7046325,empty,0.001,0.3675,0.6315,retreat,0.528,1.3486,0.9744
1789343731.9042342,alert,0.0003,0.9989,0.0008,approach,0.465,1.7795,0.3361
1789343732.1080306,alert,0.0032,0.9968,0.0,approach,0.466,1.7791,0.3361
1789343732.3088171,alert,0.0006,0.9988,0.0006,approach,0.466,1.7794,0.336
1789343732.4978282,alert,0.0011,0.9988,0.0001,approach,0.466,1.7792,0.336
1789343732.699598,alert,0.0062,0.9938,0.0,approach,0.466,1.779,0.3363
1789343732.9009647,alert,0.0009,0.999,0.0001,approach,0.466,1.7792,0.3359
1789343733.100463,alert,0.0006,0.999,0.0004,approach,0.466,1.7793,0.336
1789343733.3191125,alert,0.0008,0.9978,0.0014,approach,0.465,1.7796,0.3363
1789343733.5020413,alert,0.013,0.9865,0.0005,approach,0.467,1.779,0.337
1789343733.7020957,alert,0.004,0.9959,0.0001,approach,0.466,1.7791,0.3362
1789343733.9011314,alert,0.0011,0.9986,0.0003,approach,0.466,1.7793,0.336
1789343734.095797,alert,0.0093,0.9865,0.0042,approach,0.465,1.7803,0.3376
1789343734.3018339,alert,0.0001,0.9998,0.0001,approach,0.466,1.7792,0.3359
1789343734.5044007,alert,0.0002,0.999,0.0008,approach,0.465,1.7795,0.3361
1789343734.6993244,alert,0.0,0.9988,0.0012,approach,0.465,1.7796,0.3361
1789343734.8992913,alert,0.0002,0.9956,0.0042,approach,0.464,1.7806,0.3369
1789343735.116074,alert,0.0008,0.85,0.1492,approach,0.398,1.8348,0.3716
1789343735.305446,alert,0.0004,0.9843,0.0153,approach,0.459,1.7842,0.3395
1789343735.5030646,alert,0.0005,0.9818,0.0177,approach,0.458,1.785,0.3401
1789343735.6971061,alert,0.0004,0.9995,0.0001,approach,0.466,1.7792,0.3359
1789343735.9003837,alert,0.0002,0.9931,0.0067,approach,0.463,1.7814,0.3375
1789343736.1106036,alert,0.0003,0.9869,0.0128,approach,0.46,1.7833,0.3389
1789343736.3232956,alert,0.0008,0.9908,0.0084,approach,0.462,1.7819,0.3379
1789343736.500722,alert,0.0013,0.9669,0.0318,approach,0.452,1.7897,0.3436
1789343736.699689,alert,0.0012,0.9972,0.0016,approach,0.465,1.7797,0.3363
1789343736.9136846,alert,0.0007,0.9918,0.0075,approach,0.463,1.7816,0.3377
1789343737.1002288,alert,0.0012,0.5219,0.4769,retreat,0.428,1.3537,0.9628
1789343737.30267,alert,0.0038,0.9928,0.0034,approach,0.465,1.7802,0.337
1789343737.5,alert,0.0032,0.991,0.0058,approach,0.464,1.781,0.3375
1789343737.7042077,alert,0.0025,0.9971,0.0004,approach,0.466,1.7793,0.3361
1789343737.907978,alert,0.0032,0.9906,0.0062,approach,0.463,1.7811,0.3376
1789343738.1017263,alert,0.0029,0.9898,0.0073,approach,0.463,1.7815,0.3378
1789343738.298672,alert,0.0052,0.9802,0.0146,approach,0.46,1.7838,0.3398
1789343738.4999218,alert,0.0018,0.9886,0.0096,approach,0.462,1.7823,0.3383
1789343738.7101033,alert,0.0031,0.8915,0.1054,approach,0.419,1.8167,0.3613
1789343738.9038012,empty,0.0019,0.4388,0.5593,retreat,0.48,1.3509,0.969
1789343739.0965846,empty,0.0008,0.2226,0.7766,retreat,0.629,1.3453,0.9852
1789343739.2999344,empty,0.0009,0.3219,0.6772,retreat,0.56,1.3474,0.9778
1789343739.4994133,empty,0.0017,0.4328,0.5655,retreat,0.484,1.3506,0.9694
1789343739.704227,empty,0.0032,0.4455,0.5513,retreat,0.475,1.3512,0.9684
1789343739.9034781,alert,0.0038,0.6015,0.3947,retreat,0.38,1.3573,0.9567
1789343740.104188,alert,0.0067,0.8493,0.144,approach,0.401,1.8323,0.3708
1789343740.3058074,alert,0.0082,0.8643,0.1275,approach,0.409,1.8254,0.367
1789343740.5042775,alert,0.0412,0.8638,0.095,approach,0.429,1.8111,0.3618
1789343740.6968126,alert,0.0151,0.9783,0.0066,approach,0.465,1.7808,0.3386
1789343740.9103093,alert,0.0175,0.9762,0.0063,approach,0.465,1.7807,0.3387
1789343741.1121063,alert,0.0121,0.9336,0.0543,approach,0.443,1.7972,0.3498
1789343741.3082674,alert,0.0055,0.9633,0.0312,approach,0.453,1.7893,0.3437
1789343741.511988,alert,0.0166,0.9772,0.0062,approach,0.465,1.7807,0.3386
1789343741.7164867,alert,0.0057,0.9691,0.0252,approach,0.455,1.7873,0.3423
1789343741.9063365,alert,0.0094,0.9251,0.0655,approach,0.438,1.8013,0.3523
1789343742.110369,alert,0.0111,0.5407,0.4482,retreat,0.411,1.3558,0.9608
1789343742.296756,alert,0.0094,0.8138,0.1768,approach,0.386,1.8464,0.3789
1789343742.5123904,alert,0.0015,0.9384,0.0601,approach,0.439,1.7997,0.3503
1789343742.7124624,alert,0.002,0.9616,0.0364,approach,0.45,1.7912,0.3447
1789343742.897325,alert,0.0004,0.7885,0.2111,approach,0.369,1.8624,0.3864
1789343743.1141553,alert,0.0011,0.82,0.1789,approach,0.384,1.8477,0.3787
1789343743.3376992,empty,0.0002,0.1442,0.8556,retreat,0.683,1.344,0.9911
1789343743.5154884,empty,0.0016,0.4267,0.5717,retreat,0.488,1.3504,0.9699
1789343743.6986487,alert,0.0049,0.8551,0.14,approach,0.403,1.8307,0.3697
1789343743.901359,alert,0.0146,0.9222,0.0632,approach,0.44,1.8003,0.3521
1789343745.3102727,alert,0.0474,0.6803,0.2723,approach,0.347,1.8895,0.4047
1789343745.4981637,alert,0.017,0.7349,0.2481,approach,0.354,1.8792,0.3965
1789343745.704263,alert,0.0159,0.9097,0.0744,approach,0.435,1.8043,0.3549
1789343745.917238,alert,0.0237,0.9723,0.004,approach,0.467,1.7797,0.3387
1789343746.107416,alert,0.0186,0.9803,0.0011,approach,0.468,1.779,0.3376
1789343746.3030076,alert,0.0109,0.9891,0.0,approach,0.467,1.7789,0.3367
1789343746.5016882,alert,0.0104,0.9895,0.0001,approach,0.467,1.7789,0.3367
1789343746.7065823,alert,0.0029,0.9971,0.0,approach,0.466,1.7791,0.3361
1789343746.8999033,alert,0.0034,0.9963,0.0003,approach,0.466,1.7792,0.3362
1789343747.100596,alert,0.0076,0.9811,0.0113,approach,0.462,1.7826,0.3392
1789343747.2994087,alert,0.0106,0.9883,0.0011,approach,0.467,1.7792,0.3369
1789343747.507395,alert,0.013,0.9831,0.0039,approach,0.466,1.78,0.3378
1789343747.7053397,alert,0.0188,0.9807,0.0005,approach,0.468,1.7788,0.3374
1789343747.9035003,alert,0.0503,0.9398,0.0099,approach,0.468,1.7807,0.3422
1789343748.1088111,alert,0.0147,0.9816,0.0037,approach,0.466,1.7799,0.3379
1789343748.2995348,alert,0.0089,0.9911,0.0,approach,0.467,1.7789,0.3365
1789343748.5051808,alert,0.0018,0.998,0.0002,approach,0.466,1.7792,0.336
1789343748.7164848,alert,0.0009,0.9939,0.0052,approach,0.464,1.7809,0.3372
1789343748.9123158,alert,0.0016,0.9962,0.0022,approach,0.465,1.7799,0.3365
1789343749.0965168,alert,0.0033,0.9834,0.0133,approach,0.46,1.7834,0.3393
1789343749.2963595,alert,0.0061,0.9838,0.0101,approach,0.462,1.7823,0.3387
1789343749.5122921,empty,0.0161,0.4317,0.5522,retreat,0.477,1.3524,0.9687
1789343749.7070491,empty,0.033,0.1823,0.7847,retreat,0.638,1.3483,0.9863
1789343749.909675,alert,0.1146,0.7343,0.1511,approach,0.414,1.8303,0.381
1789343750.100296,alert,0.1373,0.6379,0.2248,approach,0.383,1.8615,0.4004
1789343750.303005,alert,0.0145,0.9825,0.003,approach,0.466,1.7797,0.3377
1789343750.4997985,alert,0.0068,0.9165,0.0767,approach,0.432,1.8056,0.3547
1789343750.6983912,alert,0.0046,0.9872,0.0082,approach,0.463,1.7817,0.3382
1789343750.9011889,alert,0.0002,0.9995,0.0003,approach,0.466,1.7793,0.3359
1789343751.100066,alert,0.0007,0.9993,0.0,approach,0.466,1.7792,0.3359
1789343751.3118305,alert,0.0012,0.9988,0.0,approach,0.466,1.7792,0.3359
1789343751.5010588,alert,0.0002,0.9998,0.0,approach,0.466,1.7792,0.3359
1789343751.70251,alert,0.0111,0.9828,0.0061,approach,0.464,1.7808,0.3382
1789343751.9018602,alert,0.0166,0.9799,0.0035,approach,0.466,1.7798,0.338
1789343752.103953,alert,0.0037,0.9956,0.0007,approach,0.466,1.7793,0.3363
1789343752.307881,alert,0.0029,0.9961,0.001,approach,0.466,1.7794,0.3363
1789343752.497671,alert,0.0009,0.9987,0.0004,approach,0.466,1.7793,0.336
1789343752.7070067,alert,0.0022,0.9963,0.0015,approach,0.465,1.7796,0.3364
1789343753.1284318,empty,0.0,0.0026,0.9974,retreat,0.772,1.3429,1.0016
1789343753.3033528,empty,0.0002,0.0332,0.9666,retreat,0.754,1.3431,0.9994
1789343753.5086057,empty,0.0001,0.0022,0.9977,retreat,0.773,1.343,1.0017
1789343753.70891,empty,0.0001,0.0021,0.9978,retreat,0.773,1.343,1.0017
1789343753.9042964,empty,0.0001,0.0031,0.9968,retreat,0.772,1.343,1.0016
1789343754.105886,empty,0.0001,0.0042,0.9957,retreat,0.771,1.343,1.0015
1789343754.2971885,empty,0.0001,0.0086,0.9913,retreat,0.769,1.343,1.0012
1789343754.5002372,empty,0.0001,0.0054,0.9945,retreat,0.771,1.343,1.0014
1789343754.7076128,empty,0.0,0.0048,0.9952,retreat,0.771,1.343,1.0015
1789343754.9041388,empty,0.0001,0.0073,0.9926,retreat,0.77,1.343,1.0013
1789343755.098875,empty,0.0002,0.0113,0.9885,retreat,0.767,1.343,1.001
1789343755.299712,empty,0.0001,0.0039,0.996,retreat,0.772,1.343,1.0015
1789343755.507961,empty,0.0002,0.0152,0.9846,retreat,0.765,1.343,1.0007
1789343755.7123694,empty,0.0002,0.023,0.9768,retreat,0.76,1.343,1.0001
1789343755.902089,empty,0.0,0.0084,0.9916,retreat,0.769,1.343,1.0012
1789343756.103925,empty,0.0001,0.0155,0.9844,retreat,0.765,1.343,1.0007
1789343756.316186,empty,0.0,0.0002,0.9998,retreat,0.774,1.3429,1.0018
1789343756.5041268,empty,0.0,0.0002,0.9998,retreat,0.774,1.3429,1.0018
1789343756.7163322,empty,0.0,0.0002,0.9998,retreat,0.774,1.3429,1.0018
1789343756.9063141,empty,0.0,0.0,1.0,retreat,0.774,1.3429,1.0018
1789343757.1125286,empty,0.0,0.0002,0.9998,retreat,0.774,1.3429,1.0018
1789343757.3013825,empty,0.0,0.0002,0.9998,retreat,0.774,1.3429,1.0018
1789343757.4994948,empty,0.0,0.0066,0.9934,retreat,0.77,1.343,1.0013
1789343757.701435,empty,0.0,0.0003,0.9997,retreat,0.774,1.3429,1.0018
1789343757.9020486,empty,0.0,0.002,0.998,retreat,0.773,1.3429,1.0017
1789343758.1037142,empty,0.0,0.0082,0.9918,retreat,0.769,1.343,1.0012
1789343758.3043106,empty,0.0,0.0007,0.9993,retreat,0.773,1.3429,1.0018
1789343758.500765,empty,0.0,0.0001,0.9999,retreat,0.774,1.3429,1.0018
1789343758.70769,empty,0.0,0.001,0.999,retreat,0.773,1.3429,1.0018
1789343758.9101772,empty,0.0,0.0114,0.9886,retreat,0.767,1.343,1.001
1789343759.1052752,alert,0.0038,0.7879,0.2083,approach,0.371,1.861,0.386
1789343759.3056893,alert,0.0011,0.9974,0.0015,approach,0.465,1.7797,0.3363
1789343759.5044518,alert,0.0005,0.7944,0.2051,approach,0.372,1.8596,0.385
1789343759.703672,alert,0.0006,0.9776,0.0218,approach,0.456,1.7863,0.3411
1789343759.9041998,alert,0.0051,0.9752,0.0197,approach,0.458,1.7855,0.341
1789343760.1072476,alert,0.0014,0.9985,0.0001,approach,0.466,1.7792,0.336
1789343760.313163,alert,0.0176,0.9824,0.0,approach,0.468,1.7786,0.3372
1789343760.5142317,alert,0.0115,0.9885,0.0,approach,0.467,1.7788,0.3368
1789343760.7172265,alert,0.001,0.999,0.0,approach,0.466,1.7792,0.3359
1789343760.9135537,alert,0.0406,0.9594,0.0,approach,0.471,1.7779,0.339
1789343761.100102,alert,0.0001,0.9999,0.0,approach,0.466,1.7792,0.3359
1789343761.308228,alert,0.0004,0.9996,0.0,approach,0.466,1.7792,0.3359
1789343761.5102491,alert,0.0001,0.9999,0.0,approach,0.466,1.7792,0.3359
1789343761.7019267,alert,0.0001,0.9999,0.0,approach,0.466,1.7792,0.3359
1789343761.9128778,alert,0.0002,0.9998,0.0,approach,0.466,1.7792,0.3359
1789343762.1230564,alert,0.002,0.9977,0.0003,approach,0.466,1.7792,0.3361
1789343762.3116608,alert,0.0028,0.9969,0.0003,approach,0.466,1.7792,0.3361
1789343762.5199301,alert,0.0044,0.9955,0.0001,approach,0.466,1.7791,0.3362
1789343762.7158844,alert,0.0096,0.9903,0.0001,approach,0.467,1.7789,0.3366
1789343762.915591,alert,0.0064,0.9936,0.0,approach,0.467,1.779,0.3364
1789343763.1130521,alert,0.0039,0.996,0.0001,approach,0.466,1.7791,0.3362
1789343763.3086264,alert,0.0059,0.9939,0.0002,approach,0.466,1.7791,0.3364
1789343763.5145028,alert,0.0102,0.9891,0.0007,approach,0.467,1.7791,0.3368
1789343763.7151458,alert,0.0038,0.9958,0.0004,approach,0.466,1.7792,0.3362
1789343763.9084811,alert,0.0102,0.9571,0.0327,approach,0.453,1.7897,0.3445
1789343764.1011214,alert,0.0082,0.9904,0.0014,approach,0.466,1.7794,0.3368
1789343764.3072221,alert,0.0194,0.9793,0.0013,approach,0.468,1.779,0.3377
1789343764.5163977,alert,0.0075,0.9607,0.0318,approach,0.453,1.7895,0.344
1789343764.712593,alert,0.0096,0.8595,0.1309,approach,0.408,1.8267,0.3679
1789343764.8974352,alert,0.0077,0.9439,0.0484,approach,0.445,1.7952,0.348
1789343765.1080713,alert,0.0027,0.7357,0.2616,approach,0.345,1.8867,0.3986
1789343765.3044002,alert,0.0004,0.6283,0.3713,retreat,0.367,1.3581,0.9549
1789343765.4972131,empty,0.0004,0.3796,0.62,retreat,0.521,1.3489,0.9735
1789343765.7020967,alert,0.0019,0.7455,0.2526,approach,0.349,1.8823,0.3964
1789343765.906154,alert,0.0008,0.8212,0.178,approach,0.385,1.8473,0.3785
1789343766.1081681,alert,0.0055,0.8776,0.1169,approach,0.414,1.8212,0.3642
1789343766.3025043,alert,0.0054,0.9136,0.081,approach,0.43,1.8072,0.3557
1789343766.5298665,alert,0.0321,0.7528,0.2151,approach,0.372,1.8626,0.3898
1789343766.7070067,alert,0.0107,0.6949,0.2944,hold,0.342,1.6359,0.6655
1789343766.906594,alert,0.0041,0.6866,0.3093,hold,0.343,1.6369,0.6687
1789343767.1082308,alert,0.0049,0.7497,0.2454,approach,0.353,1.8786,0.3949
1789343767.2966542,alert,0.0062,0.7675,0.2263,approach,0.362,1.8693,0.3905
1789343767.501837,alert,0.0103,0.6825,0.3072,hold,0.342,1.6375,0.6689
1789343767.7041605,alert,0.0065,0.8106,0.1829,approach,0.383,1.8492,0.3801
1789343767.9045112,alert,0.0033,0.6024,0.3943,retreat,0.38,1.3573,0.9567
1789343768.0973072,empty,0.0012,0.3676,0.6312,retreat,0.528,1.3486,0.9743
1789343768.3020468,alert,0.0015,0.7676,0.2309,approach,0.359,1.8718,0.3912
1789343768.5013397,alert,0.0017,0.7862,0.2121,approach,0.368,1.8628,0.3867
1789343768.7017586,alert,0.0039,0.8655,0.1306,approach,0.407,1.8269,0.3674
1789343768.900692,alert,0.0041,0.5719,0.424,retreat,0.396,1.3561,0.9589
1789343769.1071882,alert,0.0086,0.7092,0.2822,hold,0.342,1.634,0.662
1789343769.319439,alert,0.0086,0.5759,0.4155,retreat,0.392,1.3569,0.9583
1789343769.51085,alert,0.0028,0.7301,0.2671,hold,0.343,1.6314,0.6573
1789343769.7130306,empty,0.0009,0.2744,0.7247,retreat,0.593,1.3463,0.9813
1789343769.911468,alert,0.0017,0.842,0.1563,approach,0.395,1.8378,0.3734
1789343770.1124508,alert,0.0032,0.8207,0.1761,approach,0.386,1.8464,0.3782
1789343770.3084168,empty,0.0007,0.4236,0.5757,retreat,0.491,1.3502,0.9702
1789343770.5029237,alert,0.0026,0.6943,0.3031,hold,0.343,1.6358,0.6668
1789343770.7002418,alert,0.0121,0.7886,0.1993,approach,0.376,1.8564,0.3845
1789343770.905043,alert,0.0083,0.7893,0.2024,approach,0.374,1.858,0.3849
1789343771.0983229,alert,0.0048,0.6856,0.3096,hold,0.343,1.637,0.6689
1789343771.319658,alert,0.005,0.843,0.152,approach,0.397,1.8358,0.3726
1789343771.5030289,alert,0.0067,0.9845,0.0088,approach,0.463,1.7818,0.3385
1789343771.7037134,alert,0.0039,0.6807,0.3154,hold,0.343,1.6377,0.6703
1789343771.9009192,alert,0.0098,0.8572,0.133,approach,0.407,1.8276,0.3684
1789343772.1127195,alert,0.0076,0.9299,0.0625,approach,0.439,1.8003,0.3514
1789343772.3000395,alert,0.0054,0.9652,0.0294,approach,0.453,1.7887,0.3433
1789343772.4998937,alert,0.0026,0.9713,0.0261,approach,0.455,1.7877,0.3423
1789343772.7072184,alert,0.0014,0.9711,0.0275,approach,0.454,1.7882,0.3425
1789343772.902844,alert,0.0009,0.9927,0.0064,approach,0.463,1.7812,0.3375
1789343773.1019433,alert,0.0005,0.9987,0.0008,approach,0.465,1.7795,0.3361
1789343773.3069642,alert,0.0011,0.9989,0.0,approach,0.466,1.7792,0.3359
1789343773.5041237,alert,0.0006,0.9991,0.0003,approach,0.466,1.7793,0.336
1789343773.7015855,alert,0.0073,0.988,0.0047,approach,0.465,1.7805,0.3375
1789343773.9106688,alert,0.0054,0.9919,0.0027,approach,0.465,1.7799,0.3369
1789343774.1049132,alert,0.0041,0.9769,0.019,approach,0.458,1.7853,0.3407
1789343774.302238,alert,0.0009,0.9977,0.0014,approach,0.465,1.7796,0.3363
1789343774.5050054,alert,0.0004,0.9996,0.0,approach,0.466,1.7792,0.3359
1789343774.7008584,alert,0.0,0.9999,0.0001,approach,0.466,1.7792,0.3359
1789343774.897136,alert,0.0001,0.9998,0.0001,approach,0.466,1.7792,0.3359
1789343775.0996146,alert,0.0006,0.9994,0.0,approach,0.466,1.7792,0.3359
1789343775.2996852,alert,0.0028,0.9971,0.0001,approach,0.466,1.7792,0.3361
1789343775.5013554,alert,0.0019,0.998,0.0001,approach,0.466,1.7792,0.336
1789343775.7037446,alert,0.0017,0.9982,0.0001,approach,0.466,1.7792,0.336
1789343775.8987794,alert,0.0013,0.9986,0.0001,approach,0.466,1.7792,0.336
1789343776.0955594,alert,0.0058,0.9941,0.0001,approach,0.466,1.7791,0.3363
1789343776.298435,alert,0.0027,0.9972,0.0001,approach,0.466,1.7792,0.3361
1789343776.4996474,alert,0.0043,0.9957,0.0,approach,0.466,1.7791,0.3362
1789343776.6981916,alert,0.002,0.998,0.0,approach,0.466,1.7792,0.336
1789343776.896813,alert,0.0011,0.9989,0.0,approach,0.466,1.7792,0.3359
1789343777.104478,alert,0.0001,0.9999,0.0,approach,0.466,1.7792,0.3359
1789343777.299871,alert,0.0065,0.9934,0.0001,approach,0.466,1.779,0.3364
1789343777.5002382,alert,0.0025,0.9974,0.0001,approach,0.466,1.7792,0.3361
1789343777.6966014,alert,0.0313,0.9687,0.0,approach,0.47,1.7782,0.3383
1789343777.906648,alert,0.0163,0.9837,0.0,approach,0.468,1.7787,0.3371
1789343778.0990915,alert,0.0007,0.9993,0.0,approach,0.466,1.7792,0.3359
1789343778.2995505,alert,0.0024,0.9973,0.0003,approach,0.466,1.7792,0.3361
1789343778.5016994,alert,0.0203,0.9772,0.0025,approach,0.467,1.7794,0.338
1789343778.7061534,alert,0.0112,0.9849,0.0039,approach,0.465,1.7801,0.3377
1789343778.9040778,alert,0.0027,0.9954,0.0019,approach,0.465,1.7797,0.3365
1789343779.0998392,alert,0.0015,0.9883,0.0102,approach,0.461,1.7825,0.3384
1789343779.3053856,alert,0.0005,0.9261,0.0734,approach,0.433,1.8046,0.3535
1789343779.5107439,alert,0.0008,0.8728,0.1264,approach,0.409,1.8253,0.3662
1789343779.7162066,alert,0.0006,0.638,0.3614,retreat,0.361,1.3585,0.9542
1789343779.9097724,alert,0.0021,0.9925,0.0054,approach,0.464,1.7809,0.3373
1789343780.1018012,alert,0.0003,0.8889,0.1108,approach,0.416,1.819,0.3624
1789343780.2973075,empty,0.0002,0.1368,0.863,retreat,0.688,1.3439,0.9916
1789343780.5004013,alert,0.0005,0.8086,0.1909,approach,0.378,1.8531,0.3816
1789343780.6990914,alert,0.0005,0.9687,0.0308,approach,0.452,1.7894,0.3433
1789343780.899189,alert,0.0001,0.8898,0.1101,approach,0.416,1.8187,0.3622
1789343781.0998087,alert,0.0002,0.9898,0.01,approach,0.461,1.7824,0.3383
1789343781.2982323,alert,0.0001,0.992,0.0079,approach,0.462,1.7818,0.3378
1789343781.5002923,alert,0.0001,0.9978,0.0021,approach,0.465,1.7799,0.3364
1789343781.7029302,alert,0.0012,0.961,0.0378,approach,0.449,1.7918,0.345
1789343781.896069,alert,0.0002,0.8325,0.1673,approach,0.389,1.8426,0.3759
1789343782.098079,empty,0.0002,0.3605,0.6393,retreat,0.534,1.3483,0.9749
1789343782.3081381,empty,0.0002,0.087,0.9128,retreat,0.72,1.3434,0.9953
1789343782.5015168,empty,0.0004,0.0852,0.9144,retreat,0.721,1.3434,0.9955
1789343782.6999853,empty,0.0012,0.365,0.6338,retreat,0.53,1.3485,0.9745
1789343782.8998709,empty,0.001,0.421,0.578,retreat,0.492,1.3502,0.9704
1789343783.111942,empty,0.001,0.3675,0.6315,retreat,0.528,1.3486,0.9744
1789343783.3291497,alert,0.0003,0.9989,0.0008,approach,0.465,1.7795,0.3361
1789343783.5126915,alert,0.0032,0.9968,0.0,approach,0.466,1.7791,0.3361
1789343783.7146604,alert,0.0006,0.9988,0.0006,approach,0.466,1.7794,0.336
1789343783.903629,alert,0.0011,0.9988,0.0001,approach,0.466,1.7792,0.336
1789343784.106785,alert,0.0062,0.9938,0.0,approach,0.466,1.779,0.3363
1789343784.30106,alert,0.0009,0.999,0.0001,approach,0.466,1.7792,0.3359
1789343784.5189407,alert,0.0006,0.999,0.0004,approach,0.466,1.7793,0.336
1789343784.712781,alert,0.0008,0.9978,0.0014,approach,0.465,1.7796,0.3363
1789343784.9047532,alert,0.013,0.9865,0.0005,approach,0.467,1.779,0.337
1789343785.0996795,alert,0.004,0.9959,0.0001,approach,0.466,1.7791,0.3362
1789343785.3106618,alert,0.0011,0.9986,0.0003,approach,0.466,1.7793,0.336
1789343785.4997435,alert,0.0093,0.9865,0.0042,approach,0.465,1.7803,0.3376
1789343785.7012868,alert,0.0001,0.9998,0.0001,approach,0.466,1.7792,0.3359
1789343785.9032638,alert,0.0002,0.999,0.0008,approach,0.465,1.7795,0.3361
1789343786.099647,alert,0.0,0.9988,0.0012,approach,0.465,1.7796,0.3361
1789343786.320518,alert,0.0002,0.9956,0.0042,approach,0.464,1.7806,0.3369
1789343786.5076318,alert,0.0008,0.85,0.1492,approach,0.398,1.8348,0.3716
1789343786.6981819,alert,0.0004,0.9843,0.0153,approach,0.459,1.7842,0.3395
1789343786.9084048,alert,0.0005,0.9818,0.0177,approach,0.458,1.785,0.3401
1789343787.1256223,alert,0.0004,0.9995,0.0001,approach,0.466,1.7792,0.3359
1789343787.307851,alert,0.0002,0.9931,0.0067,approach,0.463,1.7814,0.3375
1789343787.5083466,alert,0.0003,0.9869,0.0128,approach,0.46,1.7833,0.3389
1789343787.7004523,alert,0.0008,0.9908,0.0084,approach,0.462,1.7819,0.3379
1789343787.8966877,alert,0.0013,0.9669,0.0318,approach,0.452,1.7897,0.3436
1789343788.103953,alert,0.0012,0.9972,0.0016,approach,0.465,1.7797,0.3363
1789343788.3119102,alert,0.0007,0.9918,0.0075,approach,0.463,1.7816,0.3377
1789343788.513346,alert,0.0012,0.5219,0.4769,retreat,0.428,1.3537,0.9628
1789343788.7008328,alert,0.0038,0.9928,0.0034,approach,0.465,1.7802,0.337
1789343788.9112802,alert,0.0032,0.991,0.0058,approach,0.464,1.781,0.3375
1789343789.1045907,alert,0.0025,0.9971,0.0004,approach,0.466,1.7793,0.3361
1789343789.3038182,alert,0.0032,0.9906,0.0062,approach,0.463,1.7811,0.3376
1789343789.510927,alert,0.0029,0.9898,0.0073,approach,0.463,1.7815,0.3378
1789343789.7062461,alert,0.0052,0.9802,0.0146,approach,0.46,1.7838,0.3398
1789343789.897663,alert,0.0018,0.9886,0.0096,approach,0.462,1.7823,0.3383
1789343790.108111,alert,0.0031,0.8915,0.1054,approach,0.419,1.8167,0.3613
1789343790.2968678,empty,0.0019,0.4388,0.5593,retreat,0.48,1.3509,0.969
1789343790.5062706,empty,0.0008,0.2226,0.7766,retreat,0.629,1.3453,0.9852
1789343790.6992095,empty,0.0009,0.3219,0.6772,retreat,0.56,1.3474,0.9778
1789343790.9129646,empty,0.0017,0.4328,0.5655,retreat,0.484,1.3506,0.9694
1789343791.1017807,empty,0.0032,0.4455,0.5513,retreat,0.475,1.3512,0.9684
1789343791.3097942,alert,0.0038,0.6015,0.3947,retreat,0.38,1.3573,0.9567
1789343791.5045993,alert,0.0067,0.8493,0.144,approach,0.401,1.8323,0.3708
1789343791.7040727,alert,0.0082,0.8643,0.1275,approach,0.409,1.8254,0.367
1789343791.9021864,alert,0.0412,0.8638,0.095,approach,0.429,1.8111,0.3618
1789343792.107742,alert,0.0151,0.9783,0.0066,approach,0.465,1.7808,0.3386
1789343792.315887,alert,0.0175,0.9762,0.0063,approach,0.465,1.7807,0.3387
1789343792.5124347,alert,0.0121,0.9336,0.0543,approach,0.443,1.7972,0.3498
1789343792.7090688,alert,0.0055,0.9633,0.0312,approach,0.453,1.7893,0.3437
1789343792.9054594,alert,0.0166,0.9772,0.0062,approach,0.465,1.7807,0.3386
1789343793.1154566,alert,0.0057,0.9691,0.0252,approach,0.455,1.7873,0.3423
1789343793.2994788,alert,0.0094,0.9251,0.0655,approach,0.438,1.8013,0.3523
1789343793.5128932,alert,0.0111,0.5407,0.4482,retreat,0.411,1.3558,0.9608
1789343793.7053823,alert,0.0094,0.8138,0.1768,approach,0.386,1.8464,0.3789
1789343793.9095278,alert,0.0015,0.9384,0.0601,approach,0.439,1.7997,0.3503
1789343794.1157107,alert,0.002,0.9616,0.0364,approach,0.45,1.7912,0.3447
1789343794.3252795,alert,0.0004,0.7885,0.2111,approach,0.369,1.8624,0.3864
1789343794.514038,alert,0.0011,0.82,0.1789,approach,0.384,1.8477,0.3787
1789343794.7129169,empty,0.0002,0.1442,0.8556,retreat,0.683,1.344,0.9911
1789343794.908331,empty,0.0016,0.4267,0.5717,retreat,0.488,1.3504,0.9699
1789343795.107848,alert,0.0049,0.8551,0.14,approach,0.403,1.8307,0.3697
1789343795.3104577,alert,0.0146,0.9222,0.0632,approach,0.44,1.8003,0.3521
1789343795.5011652,alert,0.0474,0.6803,0.2723,approach,0.347,1.8895,0.4047
1789343795.700271,alert,0.017,0.7349,0.2481,approach,0.354,1.8792,0.3965
1789343795.8960278,alert,0.0159,0.9097,0.0744,approach,0.435,1.8043,0.3549
1789343796.0980783,alert,0.0237,0.9723,0.004,approach,0.467,1.7797,0.3387
1789343796.3061128,alert,0.0186,0.9803,0.0011,approach,0.468,1.779,0.3376
1789343796.5285347,alert,0.0109,0.9891,0.0,approach,0.467,1.7789,0.3367
1789343796.7256544,alert,0.0104,0.9895,0.0001,approach,0.467,1.7789,0.3367
1789343796.9082966,alert,0.0029,0.9971,0.0,approach,0.466,1.7791,0.3361
1789343797.103437,alert,0.0034,0.9963,0.0003,approach,0.466,1.7792,0.3362
1789343797.314509,alert,0.0076,0.9811,0.0113,approach,0.462,1.7826,0.3392
1789343797.500516,alert,0.0106,0.9883,0.0011,approach,0.467,1.7792,0.3369
1789343797.6988935,alert,0.013,0.9831,0.0039,approach,0.466,1.78,0.3378
1789343797.910583,alert,0.0188,0.9807,0.0005,approach,0.468,1.7788,0.3374
1789343798.1016905,alert,0.0503,0.9398,0.0099,approach,0.468,1.7807,0.3422
1789343798.3135474,alert,0.0147,0.9816,0.0037,approach,0.466,1.7799,0.3379
1789343798.5093145,alert,0.0089,0.9911,0.0,approach,0.467,1.7789,0.3365
1789343798.697036,alert,0.0018,0.998,0.0002,approach,0.466,1.7792,0.336
1789343798.9096973,alert,0.0009,0.9939,0.0052,approach,0.464,1.7809,0.3372
1789343799.104529,alert,0.0016,0.9962,0.0022,approach,0.465,1.7799,0.3365
1789343799.2990777,alert,0.0033,0.9834,0.0133,approach,0.46,1.7834,0.3393
1789343799.4989312,alert,0.0061,0.9838,0.0101,approach,0.462,1.7823,0.3387
1789343799.7386446,empty,0.0161,0.4317,0.5522,retreat,0.477,1.3524,0.9687
1789343799.924493,empty,0.033,0.1823,0.7847,retreat,0.638,1.3483,0.9863
1789343800.101746,alert,0.1146,0.7343,0.1511,approach,0.414,1.8303,0.381
1789343800.3080883,alert,0.1373,0.6379,0.2248,approach,0.383,1.8615,0.4004
1789343800.5269058,alert,0.0145,0.9825,0.003,approach,0.466,1.7797,0.3377
1789343800.7016618,alert,0.0068,0.9165,0.0767,approach,0.432,1.8056,0.3547
1789343800.9077451,alert,0.0046,0.9872,0.0082,approach,0.463,1.7817,0.3382
1789343801.1060405,alert,0.0002,0.9995,0.0003,approach,0.466,1.7793,0.3359
1789343801.300918,alert,0.0007,0.9993,0.0,approach,0.466,1.7792,0.3359
1789343801.5027754,alert,0.0012,0.9988,0.0,approach,0.466,1.7792,0.3359
1789343801.741057,alert,0.0002,0.9998,0.0,approach,0.466,1.7792,0.3359
1789343801.9460435,alert,0.0111,0.9828,0.0061,approach,0.464,1.7808,0.3382
1789343802.1037705,alert,0.0166,0.9799,0.0035,approach,0.466,1.7798,0.338
1789343802.3009427,alert,0.0037,0.9956,0.0007,approach,0.466,1.7793,0.3363
1789343802.514899,alert,0.0029,0.9961,0.001,approach,0.466,1.7794,0.3363
1789343802.7254996,alert,0.0009,0.9987,0.0004,approach,0.466,1.7793,0.336
1789343802.900433,alert,0.0022,0.9963,0.0015,approach,0.465,1.7796,0.3364
1789343803.3719492,empty,0.0,0.0026,0.9974,retreat,0.772,1.3429,1.0016
1789343803.5330746,empty,0.0002,0.0332,0.9666,retreat,0.754,1.3431,0.9994
1789343803.700622,empty,0.0001,0.0022,0.9977,retreat,0.773,1.343,1.0017
1789343803.9102676,empty,0.0001,0.0021,0.9978,retreat,0.773,1.343,1.0017
1789343804.099222,empty,0.0001,0.0031,0.9968,retreat,0.772,1.343,1.0016
1789343804.3053763,empty,0.0001,0.0042,0.9957,retreat,0.771,1.343,1.0015
1789343804.5154338,empty,0.0001,0.0086,0.9913,retreat,0.769,1.343,1.0012
1789343804.7052534,empty,0.0001,0.0054,0.9945,retreat,0.771,1.343,1.0014
1789343804.9026632,empty,0.0,0.0048,0.9952,retreat,0.771,1.343,1.0015
1789343805.1127448,empty,0.0001,0.0073,0.9926,retreat,0.77,1.343,1.0013
1789343805.3156714,empty,0.0002,0.0113,0.9885,retreat,0.767,1.343,1.001
1789343805.5140095,empty,0.0001,0.0039,0.996,retreat,0.772,1.343,1.0015
1789343805.7198727,empty,0.0002,0.0152,0.9846,retreat,0.765,1.343,1.0007
1789343805.9062738,empty,0.0002,0.023,0.9768,retreat,0.76,1.343,1.0001
1789343806.0991304,empty,0.0,0.0084,0.9916,retreat,0.769,1.343,1.0012
1789343806.2995346,empty,0.0001,0.0155,0.9844,retreat,0.765,1.343,1.0007
1789343806.498531,empty,0.0,0.0002,0.9998,retreat,0.774,1.3429,1.0018
1789343806.715501,empty,0.0,0.0002,0.9998,retreat,0.774,1.3429,1.0018
1789343806.9119163,empty,0.0,0.0002,0.9998,retreat,0.774,1.3429,1.0018
1789343807.1019237,empty,0.0,0.0,1.0,retreat,0.774,1.3429,1.0018
1789343807.30793,empty,0.0,0.0002,0.9998,retreat,0.774,1.3429,1.0018
1789343807.5039594,empty,0.0,0.0002,0.9998,retreat,0.774,1.3429,1.0018
1789343807.7020032,empty,0.0,0.0066,0.9934,retreat,0.77,1.343,1.0013
1789343807.9061162,empty,0.0,0.0003,0.9997,retreat,0.774,1.3429,1.0018
1789343808.120747,empty,0.0,0.002,0.998,retreat,0.773,1.3429,1.0017
1789343808.3046012,empty,0.0,0.0082,0.9918,retreat,0.769,1.343,1.0012
1789343808.508361,empty,0.0,0.0007,0.9993,retreat,0.773,1.3429,1.0018
1789343808.704893,empty,0.0,0.0001,0.9999,retreat,0.774,1.3429,1.0018
1789343808.9038181,empty,0.0,0.001,0.999,retreat,0.773,1.3429,1.0018
1789343809.1078868,empty,0.0,0.0114,0.9886,retreat,0.767,1.343,1.001
1789343809.301388,alert,0.0038,0.7879,0.2083,approach,0.371,1.861,0.386
1789343809.5126653,alert,0.0011,0.9974,0.0015,approach,0.465,1.7797,0.3363
1789343809.709242,alert,0.0005,0.7944,0.2051,approach,0.372,1.8596,0.385
1789343809.9007673,alert,0.0006,0.9776,0.0218,approach,0.456,1.7863,0.3411
1789343810.106255,alert,0.0051,0.9752,0.0197,approach,0.458,1.7855,0.341
1789343810.3044305,alert,0.0014,0.9985,0.0001,approach,0.466,1.7792,0.336
1789343810.51102,alert,0.0176,0.9824,0.0,approach,0.468,1.7786,0.3372
1789343810.716419,alert,0.0115,0.9885,0.0,approach,0.467,1.7788,0.3368
1789343810.9108539,alert,0.001,0.999,0.0,approach,0.466,1.7792,0.3359
1789343811.121823,alert,0.0406,0.9594,0.0,approach,0.471,1.7779,0.339
1789343811.3173666,alert,0.0001,0.9999,0.0,approach,0.466,1.7792,0.3359
1789343811.5033095,alert,0.0004,0.9996,0.0,approach,0.466,1.7792,0.3359
1789343811.7100437,alert,0.0001,0.9999,0.0,approach,0.466,1.7792,0.3359
1789343811.90983,alert,0.0001,0.9999,0.0,approach,0.466,1.7792,0.3359
1789343812.1224043,alert,0.0002,0.9998,0.0,approach,0.466,1.7792,0.3359
1789343812.3159227,alert,0.002,0.9977,0.0003,approach,0.466,1.7792,0.3361
1789343812.5035439,alert,0.0028,0.9969,0.0003,approach,0.466,1.7792,0.3361
1789343812.707804,alert,0.0044,0.9955,0.0001,approach,0.466,1.7791,0.3362
1789343812.8979166,alert,0.0096,0.9903,0.0001,approach,0.467,1.7789,0.3366
1789343813.1005557,alert,0.0064,0.9936,0.0,approach,0.467,1.779,0.3364
1789343813.3239326,alert,0.0039,0.996,0.0001,approach,0.466,1.7791,0.3362
1789343813.5079558,alert,0.0059,0.9939,0.0002,approach,0.466,1.7791,0.3364
1789343813.7240276,alert,0.0102,0.9891,0.0007,approach,0.467,1.7791,0.3368
1789343813.9043622,alert,0.0038,0.9958,0.0004,approach,0.466,1.7792,0.3362
1789343814.1011007,alert,0.0102,0.9571,0.0327,approach,0.453,1.7897,0.3445
1789343814.3019028,alert,0.0082,0.9904,0.0014,approach,0.466,1.7794,0.3368
1789343814.5137067,alert,0.0194,0.9793,0.0013,approach,0.468,1.779,0.3377
1789343814.7137132,alert,0.0075,0.9607,0.0318,approach,0.453,1.7895,0.344
1789343814.8965733,alert,0.0096,0.8595,0.1309,approach,0.408,1.8267,0.3679
1789343815.1112401,alert,0.0077,0.9439,0.0484,approach,0.445,1.7952,0.348
1789343815.3043585,alert,0.0027,0.7357,0.2616,approach,0.345,1.8867,0.3986
1789343815.504167,alert,0.0004,0.6283,0.3713,retreat,0.367,1.3581,0.9549
1789343815.715939,empty,0.0004,0.3796,0.62,retreat,0.521,1.3489,0.9735
1789343815.9079833,alert,0.0019,0.7455,0.2526,approach,0.349,1.8823,0.3964
1789343816.117148,alert,0.0008,0.8212,0.178,approach,0.385,1.8473,0.3785
1789343816.3217986,alert,0.0055,0.8776,0.1169,approach,0.414,1.8212,0.3642
1789343816.5240624,alert,0.0054,0.9136,0.081,approach,0.43,1.8072,0.3557
1789343816.7066772,alert,0.0321,0.7528,0.2151,approach,0.372,1.8626,0.3898
1789343816.8999338,alert,0.0107,0.6949,0.2944,hold,0.342,1.6359,0.6655
1789343817.1204505,alert,0.0041,0.6866,0.3093,hold,0.343,1.6369,0.6687
1789343817.312175,alert,0.0049,0.7497,0.2454,approach,0.353,1.8786,0.3949
1789343817.5037463,alert,0.0062,0.7675,0.2263,approach,0.362,1.8693,0.3905
1789343817.7032468,alert,0.0103,0.6825,0.3072,hold,0.342,1.6375,0.6689
1789343817.9128344,alert,0.0065,0.8106,0.1829,approach,0.383,1.8492,0.3801
1789343818.1081202,alert,0.0033,0.6024,0.3943,retreat,0.38,1.3573,0.9567
1789343818.3028612,empty,0.0012,0.3676,0.6312,retreat,0.528,1.3486,0.9743
1789343818.5047927,alert,0.0015,0.7676,0.2309,approach,0.359,1.8718,0.3912
1789343818.720133,alert,0.0017,0.7862,0.2121,approach,0.368,1.8628,0.3867
1789343818.9024487,alert,0.0039,0.8655,0.1306,approach,0.407,1.8269,0.3674
1789343819.1128788,alert,0.0041,0.5719,0.424,retreat,0.396,1.3561,0.9589
1789343819.3070679,alert,0.0086,0.7092,0.2822,hold,0.342,1.634,0.662
1789343819.5168188,alert,0.0086,0.5759,0.4155,retreat,0.392,1.3569,0.9583
1789343819.701388,alert,0.0028,0.7301,0.2671,hold,0.343,1.6314,0.6573
1789343819.9190447,empty,0.0009,0.2744,0.7247,retreat,0.593,1.3463,0.9813
1789343820.1141248,alert,0.0017,0.842,0.1563,approach,0.395,1.8378,0.3734
1789343820.3222716,alert,0.0032,0.8207,0.1761,approach,0.386,1.8464,0.3782
1789343820.5077765,empty,0.0007,0.4236,0.5757,retreat,0.491,1.3502,0.9702
1789343820.7124302,alert,0.0026,0.6943,0.3031,hold,0.343,1.6358,0.6668
1789343820.9081922,alert,0.0121,0.7886,0.1993,approach,0.376,1.8564,0.3845
1789343821.1041803,alert,0.0083,0.7893,0.2024,approach,0.374,1.858,0.3849
1789343821.332172,alert,0.0048,0.6856,0.3096,hold,0.343,1.637,0.6689
1789343821.51206,alert,0.005,0.843,0.152,approach,0.397,1.8358,0.3726
1789343821.7436993,alert,0.0067,0.9845,0.0088,approach,0.463,1.7818,0.3385
1789343821.9850707,alert,0.0039,0.6807,0.3154,hold,0.343,1.6377,0.6703
1789343822.1846313,alert,0.0098,0.8572,0.133,approach,0.407,1.8276,0.3684
1789343822.316141,alert,0.0076,0.9299,0.0625,approach,0.439,1.8003,0.3514
1789343822.5071948,alert,0.0054,0.9652,0.0294,approach,0.453,1.7887,0.3433
1789343822.6998997,alert,0.0026,0.9713,0.0261,approach,0.455,1.7877,0.3423
1789343822.9341328,alert,0.0014,0.9711,0.0275,approach,0.454,1.7882,0.3425
1789343823.135108,alert,0.0009,0.9927,0.0064,approach,0.463,1.7812,0.3375
1789343823.3316615,alert,0.0005,0.9987,0.0008,approach,0.465,1.7795,0.3361
1789343823.5020285,alert,0.0011,0.9989,0.0,approach,0.466,1.7792,0.3359
1789343823.7041318,alert,0.0006,0.9991,0.0003,approach,0.466,1.7793,0.336
1789343823.90852,alert,0.0073,0.988,0.0047,approach,0.465,1.7805,0.3375
1789343824.1231182,alert,0.0054,0.9919,0.0027,approach,0.465,1.7799,0.3369
1789343824.31511,alert,0.0041,0.9769,0.019,approach,0.458,1.7853,0.3407
1789343824.5190496,alert,0.0009,0.9977,0.0014,approach,0.465,1.7796,0.3363
1789343824.714058,alert,0.0004,0.9996,0.0,approach,0.466,1.7792,0.3359
1789343824.9034595,alert,0.0,0.9999,0.0001,approach,0.466,1.7792,0.3359
