file,label,note
kormushka2672_t00010,head_up_left,
kormushka2672_t00060,head_up_left,
kormushka2672_t00100,head_up_bino,
kormushka2672_t00300,head_up_left,
kormushka2672_t00520,head_up_right,
kormushka2672_t00600,head_up_right,
ryabinnik2686_t00000,head_up_left,
ryabinnik2686_t00020,head_up_left,
ryabinnik2686_t00050,head_up_left,
ryabinnik2686_t00060,head_up_left,
ryabinnik2686_t00070,head_up_left,
ryabinnik2686_t00080,head_up_left,
ryabinnik2686_t00100,head_up_left,
ryabinnik2686_t00120,head_up_left,
ryabinnik2686_t00140,head_up_left,
ryabinnik2686_t00160,head_up_left,
ryabinnik2686_t00180,head_up_left,
ryabinnik2686_t00190,head_up_left,
ryabinnik2686_t00200,head_up_left,
ryabinnik2686_t00210,head_up_left,
ryabinnik2686_t00220,head_up_left,
ryabinnik2686_t00230,head_up_left,
ryabinnik2686_t00240,head_up_left,
ryabinnik2686_t00250,head_up_left,
ryabinnik2686_t00260,head_up_left,
ryabinnik2686_t00270,head_up_left,
ryabinnik2686_t00320,head_up_left,
ryabinnik2686_t00330,head_up_left,
ryabinnik2686_t00340,head_up_left,
ryabinnik2686_t00350,head_up_left,
ryabinnik2686_t00360,head_up_left,
ryabinnik2686_t00370,head_up_left,
ryabinnik2686_t00380,head_up_left,
ryabinnik2686_t00390,head_up_left,
ryabinnik2686_t00400,head_up_left,
ryabinnik2686_t00410,head_up_left,
ryabinnik2686_t00420,head_up_left,
ryabinnik2686_t00440,head_up_left,
ryabinnik2686_t00450,head_up_left,
ryabinnik2686_t00480,head_up_left,
ryabinnik2686_t00490,head_up_left,
ryabinnik2686_t00500,head_up_left,
snegir2692_t00030,head_up_left,
snegir2692_t00140,head_up_left,
snegir2692_t00170,head_up_left,
snegir2692_t00180,head_up_left,
snegir2692_t00350,head_up_left,
snegir2692_t00430,head_up_left,
snegir2692_t00440,head_up_left,
snegir2692_t00450,head_up_left,
snegir2692_t00460,head_up_left,
snegir2692_t00490,head_up_bino,
snegir2692_t00520,head_up_right,
snegir2692_t00530,head_up_bino,
snegir2692_t00540,head_up_right,
snegir2692_t00550,head_up_bino,
snegir2692_t00570,head_up_right,
snegir2692_t00580,head_up_right,
snegir2692_t00590,head_up_bino,
snegir2692_t00600,head_up_right,
snegir2692_t00610,head_up_right,
snegir2692_t00620,head_up_right,
snegir2692_t00630,head_up_right,
snegir2692_t00690,head_up_away,спиной к камере — проверить
snegir2692_t00700,head_up_right,
snegir2692_t00710,head_up_right,
