file,label,side,fixation,count,count_src,note
kormushka2670_t00000,no_bird,,,0,размечено,
kormushka2670_t00005,no_bird,,,0,размечено,
kormushka2670_t00010,no_bird,,,0,размечено,
kormushka2670_t00015,transit,,,1,размечено,
kormushka2670_t00020,head_up_turnR,,unk,1,размечено,
kormushka2670_t00025,head_up_turnL,,no,1,размечено,
kormushka2670_t00030,head_up_ahead,,no,1,размечено,
kormushka2670_t00035,head_up_ahead,,no,1,размечено,
kormushka2670_t00040,head_up_ahead,,no,1,размечено,
kormushka2670_t00045,head_up_turnR,,no,1,размечено,
kormushka2670_t00050,head_down,,,1,размечено,
kormushka2670_t00055,head_up_ahead,,yes,1,размечено,
kormushka2670_t00060,head_up_ahead,,no,1,размечено,
kormushka2670_t00065,head_up_ahead,,yes,1,размечено,
kormushka2670_t00070,head_up_ahead,,yes,1,размечено,
kormushka2670_t00075,head_down,,,1,размечено,
kormushka2670_t00080,ambiguous,,,1,выведено,
kormushka2670_t00085,ambiguous,,,1,размечено,
kormushka2670_t00090,head_down,,,1,размечено,
kormushka2670_t00095,head_up_ahead,,no,1,размечено,
kormushka2670_t00100,head_down,,,1,размечено,
kormushka2670_t00105,head_up_ahead,,yes,2,размечено,
kormushka2670_t00110,head_up_turnL,,unk,2,размечено,
kormushka2670_t00115,ambiguous,,,2,размечено,
kormushka2670_t00120,ambiguous,,,2,размечено,
kormushka2670_t00125,ambiguous,,,2,размечено,
kormushka2670_t00130,ambiguous,,,2,размечено,
kormushka2670_t00135,ambiguous,,,2,размечено,
kormushka2670_t00140,ambiguous,,,2,размечено,
kormushka2670_t00145,ambiguous,,,2,размечено,
kormushka2670_t00150,head_down,,,2,размечено,
kormushka2670_t00155,head_up_ahead,,unk,2,размечено,
kormushka2670_t00160,head_down,,,2,размечено,
kormushka2670_t00165,handling,,,2,размечено,
kormushka2670_t00170,transit,,,2,размечено,
kormushka2670_t00175,transit,,,1,размечено,
kormushka2670_t00180,head_up_ahead,,no,1,размечено,
kormushka2670_t00185,head_up_ahead,,unk,1,размечено,
kormushka2670_t00190,head_up_ahead,,no,1,размечено,
kormushka2670_t00195,head_down,,,1,размечено,
kormushka2670_t00200,head_down,,,1,размечено,
kormushka2670_t00205,transit,,,1,размечено,
kormushka2670_t00210,head_up_turnR,,no,1,размечено,
kormushka2670_t00215,head_up_ahead,,no,1,размечено,
kormushka2670_t00220,transit,,,2,размечено,
kormushka2670_t00225,head_up_ahead,,no,2,размечено,
kormushka2670_t00230,head_down,,,2,размечено,
kormushka2670_t00235,head_down,,,2,размечено,
kormushka2670_t00240,head_down,,,2,размечено,
kormushka2670_t00245,head_down,,,1,размечено,
kormushka2670_t00250,handling,,,1,размечено,
kormushka2670_t00255,transit,,,1,размечено,
kormushka2672_t00000,no_bird,,,0,размечено,
kormushka2672_t00005,head_up_ahead,,unk,1,размечено,
kormushka2672_t00010,head_down,L,,1,размечено,
kormushka2672_t00015,head_down,,,1,размечено,
kormushka2672_t00020,handling,,,1,размечено,
kormushka2672_t00025,head_up_ahead,,no,2,размечено,
kormushka2672_t00030,head_up_ahead,,no,2,размечено,
kormushka2672_t00035,head_up_ahead,,no,2,размечено,
kormushka2672_t00040,head_down,,,1,размечено,
kormushka2672_t00045,head_down,,,1,размечено,
kormushka2672_t00050,handling,,,1,размечено,
kormushka2672_t00055,no_bird,,,0,размечено,
kormushka2672_t00060,head_up_ahead,L,no,1,размечено,
kormushka2672_t00065,handling,,,1,размечено,
kormushka2672_t00070,head_down,,,1,размечено,
kormushka2672_t00075,head_up_turnR,,unk,1,размечено,
kormushka2672_t00080,head_down,,,1,размечено,
kormushka2672_t00085,head_down,,,1,размечено,
kormushka2672_t00090,head_down,,,1,размечено,
kormushka2672_t00095,handling,,,1,размечено,
kormushka2672_t00100,head_up_turnL,F,no,1,размечено,
kormushka2672_t00105,head_up_ahead,,no,1,размечено,
kormushka2672_t00110,head_down,,,1,размечено,
kormushka2672_t00115,handling,,,1,размечено,
kormushka2672_t00120,handling,,,1,размечено,
kormushka2672_t00125,head_down,,,1,размечено,
kormushka2672_t00130,head_down,,,1,размечено,
kormushka2672_t00135,handling,,,1,размечено,
kormushka2672_t00140,head_down,,,1,размечено,
kormushka2672_t00145,handling,,,1,размечено,
kormushka2672_t00150,handling,,,1,размечено,
kormushka2672_t00155,head_down,,,1,размечено,
kormushka2672_t00160,head_down,,,1,размечено,
kormushka2672_t00165,handling,,,1,размечено,
kormushka2672_t00170,transit,,,1,размечено,
kormushka2672_t00175,no_bird,,,0,размечено,
kormushka2672_t00180,no_bird,,,0,размечено,
kormushka2672_t00185,no_bird,,,0,размечено,
kormushka2672_t00190,no_bird,,,0,размечено,
kormushka2672_t00195,no_bird,,,0,размечено,
kormushka2672_t00200,no_bird,,,0,размечено,
kormushka2672_t00205,no_bird,,,0,размечено,
kormushka2672_t00210,no_bird,,,0,размечено,
kormushka2672_t00215,no_bird,,,0,размечено,
kormushka2672_t00220,no_bird,,,0,размечено,
kormushka2672_t00225,no_bird,,,1,размечено,
kormushka2672_t00230,no_bird,,,0,размечено,
kormushka2672_t00235,no_bird,,,0,размечено,
kormushka2672_t00240,no_bird,,,0,размечено,
kormushka2672_t00245,no_bird,,,0,размечено,
kormushka2672_t00250,no_bird,,,0,размечено,
kormushka2672_t00255,no_bird,,,0,размечено,
kormushka2672_t00260,no_bird,,,0,размечено,
kormushka2672_t00265,no_bird,,,0,размечено,
kormushka2672_t00270,transit,,,0,размечено,
kormushka2672_t00275,head_down,,,1,размечено,
kormushka2672_t00280,head_down,,,1,размечено,
kormushka2672_t00285,head_up_ahead,,no,1,размечено,
kormushka2672_t00290,head_up_ahead,,no,1,размечено,
kormushka2672_t00295,head_down,,,1,размечено,
kormushka2672_t00300,head_down,L,,1,размечено,
kormushka2672_t00305,head_down,,,1,размечено,
kormushka2672_t00310,head_down,,,1,размечено,
kormushka2672_t00315,head_up_ahead,,yes,1,размечено,
kormushka2672_t00320,transit,,,1,размечено,
kormushka2672_t00325,no_bird,,,0,размечено,
kormushka2672_t00330,no_bird,,,0,размечено,
kormushka2672_t00335,no_bird,,,0,размечено,
kormushka2672_t00340,no_bird,,,0,размечено,
kormushka2672_t00345,no_bird,,,0,размечено,
kormushka2672_t00350,no_bird,,,0,размечено,
kormushka2672_t00355,no_bird,,,0,размечено,
kormushka2672_t00360,no_bird,,,0,размечено,
kormushka2672_t00365,no_bird,,,0,размечено,
kormushka2672_t00370,no_bird,,,0,размечено,
kormushka2672_t00375,no_bird,,,0,размечено,
kormushka2672_t00380,no_bird,,,0,размечено,
kormushka2672_t00385,no_bird,,,0,размечено,
kormushka2672_t00390,no_bird,,,0,размечено,
kormushka2672_t00395,no_bird,,,0,размечено,
kormushka2672_t00400,no_bird,,,0,размечено,
kormushka2672_t00405,no_bird,,,0,размечено,
kormushka2672_t00410,no_bird,,,0,размечено,
kormushka2672_t00415,no_bird,,,0,размечено,
kormushka2672_t00420,no_bird,,,0,размечено,
kormushka2672_t00425,no_bird,,,0,размечено,
kormushka2672_t00430,no_bird,,,0,размечено,
kormushka2672_t00435,no_bird,,,0,размечено,
kormushka2672_t00440,no_bird,,,0,размечено,
kormushka2672_t00445,no_bird,,,0,размечено,
kormushka2672_t00450,no_bird,,,0,размечено,
kormushka2672_t00455,no_bird,,,0,размечено,
kormushka2672_t00460,no_bird,,,0,размечено,
kormushka2672_t00465,no_bird,,,0,размечено,
kormushka2672_t00470,no_bird,,,0,размечено,
kormushka2672_t00475,no_bird,,,0,размечено,
kormushka2672_t00480,no_bird,,,0,размечено,
kormushka2672_t00485,no_bird,,,0,размечено,
kormushka2672_t00490,no_bird,,,0,размечено,
kormushka2672_t00495,no_bird,,,0,размечено,
kormushka2672_t00500,no_bird,,,0,размечено,
kormushka2672_t00505,no_bird,,,0,размечено,
kormushka2672_t00510,no_bird,,,0,размечено,
kormushka2672_t00515,transit,,,1,размечено,
kormushka2672_t00520,head_up_turnR,R,no,1,размечено,
kormushka2672_t00525,head_up_ahead,,no,1,размечено,
kormushka2672_t00530,head_down,,,1,размечено,
kormushka2672_t00535,handling,,,1,размечено,
kormushka2672_t00540,head_down,,,2,размечено,
kormushka2672_t00545,head_up_ahead,,unk,2,размечено,
kormushka2672_t00550,head_up_ahead,,no,2,размечено,
kormushka2672_t00555,head_up_ahead,,no,2,размечено,
kormushka2672_t00560,head_up_turnL,,no,2,размечено,
kormushka2672_t00565,head_up_ahead,,no,2,размечено,
kormushka2672_t00570,head_up_ahead,,no,2,размечено,
kormushka2672_t00575,head_up_ahead,,unk,2,размечено,
kormushka2672_t00580,head_up_ahead,,unk,2,размечено,
kormushka2672_t00585,head_up_ahead,,unk,2,размечено,
kormushka2672_t00590,transit,,,3,размечено,
kormushka2672_t00595,head_up_ahead,,yes,1,размечено,
kormushka2672_t00600,head_up_ahead,R,unk,1,размечено,
kormushka2672_t00605,head_up_ahead,,unk,2,размечено,
kormushka2672_t00610,transit,,,2,размечено,
kormushka2672_t00615,transit,,,1,размечено,
kormushka2672_t00620,no_bird,,,0,размечено,
kormushka2672_t00625,no_bird,,,0,размечено,
kormushka2672_t00630,no_bird,,,0,размечено,
kormushka2672_t00635,no_bird,,,0,размечено,
kormushka2672_t00640,no_bird,,,0,размечено,
kormushka2672_t00645,no_bird,,,0,размечено,
kormushka2672_t00650,no_bird,,,0,размечено,
kormushka2672_t00655,no_bird,,,0,размечено,
kormushka2672_t00660,no_bird,,,0,размечено,
kormushka2672_t00665,no_bird,,,0,размечено,
kormushka2672_t00670,no_bird,,,0,размечено,
kormushka2672_t00675,no_bird,,,0,размечено,
kormushka2698_t00000,handling,,,2,размечено,
kormushka2698_t00005,transit,,,2,размечено,
kormushka2698_t00010,head_up_turnL,,unk,1,размечено,
kormushka2698_t00015,head_down,,,1,размечено,
kormushka2698_t00020,head_down,,,1,размечено,
kormushka2698_t00025,transit,,,1,размечено,
kormushka2698_t00030,no_bird,,,0,размечено,
kormushka2698_t00035,no_bird,,,0,размечено,
kormushka2698_t00040,no_bird,,,1,размечено,
kormushka2698_t00045,head_up_ahead,,unk,1,размечено,
kormushka2698_t00050,head_down,,,1,размечено,
kormushka2698_t00055,head_up_ahead,,no,1,размечено,
kormushka2698_t00060,no_bird,,,0,размечено,
kormushka2698_t00065,no_bird,,,0,размечено,
kormushka2698_t00070,no_bird,,,0,размечено,
kormushka2698_t00075,no_bird,,,0,размечено,
kormushka2698_t00080,no_bird,,,0,размечено,
kormushka2698_t00085,no_bird,,,0,размечено,
kormushka2698_t00090,no_bird,,,0,размечено,
kormushka2698_t00095,no_bird,,,0,размечено,
kormushka2698_t00100,transit,,,1,размечено,
kormushka2698_t00105,head_up_turnL,,yes,1,размечено,
kormushka2698_t00110,head_up_ahead,,no,1,размечено,
kormushka2698_t00115,head_down,,,1,размечено,
kormushka2698_t00120,head_down,,,1,размечено,
kormushka2698_t00125,handling,,,1,размечено,
kormushka2698_t00130,transit,,,1,размечено,
kormushka2698_t00135,head_down,,,1,размечено,
kormushka2698_t00140,head_up_ahead,,unk,1,размечено,
kormushka2698_t00145,ambiguous,,,1,размечено,
kormushka2698_t00150,head_down,,,1,размечено,
kormushka2698_t00155,head_down,,,1,размечено,
kormushka2698_t00160,head_down,,,1,размечено,
kormushka2698_t00165,head_up_ahead,,no,1,размечено,
kormushka2698_t00170,head_up_ahead,,no,1,размечено,
kormushka2698_t00175,handling,,,1,размечено,
kormushka2698_t00180,head_up_ahead,,yes,1,размечено,
kormushka2698_t00185,head_up_ahead,,unk,1,размечено,
kormushka2698_t00190,head_up_ahead,,yes,1,размечено,
kormushka2698_t00195,head_up_ahead,,no,1,размечено,
kormushka2698_t00200,head_up_ahead,,no,1,размечено,
kormushka2698_t00205,head_down,,,1,размечено,
kormushka2698_t00210,head_up_turnL,,no,1,размечено,
kormushka2698_t00215,transit,,,1,размечено,
kormushka2698_t00220,no_bird,,,0,размечено,
kormushka2698_t00225,no_bird,,,0,размечено,
kormushka2698_t00230,no_bird,,,0,размечено,
kormushka2698_t00235,no_bird,,,0,размечено,
kormushka2727_t00000,head_up_turnL,,no,1,выведено,
kormushka2727_t00005,head_up_ahead,,no,1,выведено,
kormushka2727_t00010,head_up_ahead,,yes,1,выведено,
kormushka2727_t00015,head_up_turnL,,no,1,выведено,
kormushka2727_t00020,head_up_turnL,,no,1,выведено,
kormushka2727_t00025,head_up_turnL,,no,1,выведено,
kormushka2727_t00030,head_up_turnL,,no,1,выведено,
kormushka2727_t00035,head_up_turnR,,no,1,выведено,
kormushka2727_t00040,head_up_turnR,,no,1,выведено,
kormushka2727_t00045,head_up_turnR,,no,1,выведено,
kormushka2727_t00050,head_up_turnR,,no,1,выведено,
kormushka2727_t00055,head_up_turnR,,no,1,выведено,
kormushka2727_t00060,head_up_ahead,,yes,1,выведено,
kormushka2727_t00065,head_up_ahead,,no,1,выведено,
kormushka2727_t00070,head_up_turnR,,yes,1,выведено,
kormushka2727_t00075,head_up_ahead,,no,1,выведено,
kormushka2727_t00080,head_up_turnL,,no,1,выведено,
kormushka2727_t00085,head_up_ahead,,no,1,выведено,
kormushka2727_t00090,head_up_ahead,,no,1,выведено,
kormushka2727_t00095,head_up_ahead,,no,1,выведено,
kormushka2727_t00100,head_up_ahead,,no,1,выведено,
kormushka2727_t00105,head_up_turnL,,unk,1,выведено,
kormushka2727_t00110,head_up_ahead,,no,1,выведено,
kormushka2727_t00115,head_up_ahead,,yes,1,выведено,
kormushka2727_t00120,head_up_turnL,,no,1,выведено,
kormushka2727_t00125,head_up_ahead,,unk,1,выведено,
kormushka2727_t00130,head_up_ahead,,no,1,выведено,
kormushka2727_t00135,head_up_turnL,,no,1,выведено,
kormushka2727_t00140,head_up_turnL,,no,1,выведено,
kormushka2727_t00145,head_up_ahead,,no,1,выведено,
kormushka2727_t00150,head_up_ahead,,no,1,выведено,
kormushka2727_t00155,head_up_ahead,,no,1,выведено,
kormushka2727_t00160,head_up_ahead,,no,1,выведено,
kormushka2727_t00165,head_up_ahead,,unk,1,выведено,
kormushka2727_t00170,head_up_ahead,,no,1,выведено,
kormushka2727_t00175,head_up_ahead,,no,1,выведено,
kormushka2727_t00180,ambiguous,,,1,выведено,
kormushka2727_t00185,ambiguous,,,1,выведено,
kormushka2727_t00190,ambiguous,,,1,выведено,
kormushka2727_t00195,ambiguous,,,1,выведено,
kormushka2727_t00200,ambiguous,,,1,выведено,
kormushka2727_t00205,ambiguous,,,1,выведено,
kormushka2727_t00210,ambiguous,,,1,выведено,
kormushka2727_t00215,ambiguous,,,1,выведено,
kormushka2727_t00220,ambiguous,,,1,выведено,
kormushka2727_t00225,ambiguous,,,1,выведено,
kormushka2727_t00230,head_up_turnL,,no,1,выведено,
kormushka2727_t00235,head_up_turnL,,no,1,выведено,
kormushka2727_t00240,head_up_ahead,,no,1,выведено,
kormushka2727_t00245,head_up_turnR,,no,1,выведено,
kormushka2727_t00250,head_up_ahead,,no,1,выведено,
kormushka2727_t00255,ambiguous,,,1,выведено,
kormushka2727_t00260,ambiguous,,,1,выведено,
kormushka2727_t00265,no_bird,,,0,выведено,
kormushka2729_t00000,ambiguous,,,1,выведено,
kormushka2729_t00005,ambiguous,,,1,выведено,
kormushka2729_t00010,head_up_ahead,,unk,1,выведено,
kormushka2729_t00015,no_bird,,,0,выведено,
kormushka2729_t00020,no_bird,,,0,выведено,
kormushka2729_t00025,no_bird,,,0,выведено,
kormushka2729_t00030,no_bird,,,0,выведено,
kormushka2729_t00035,ambiguous,,,1,выведено,
kormushka2729_t00040,head_down,,,1,выведено,
kormushka2729_t00045,head_down,,,1,выведено,
kormushka2729_t00050,head_down,,,1,выведено,
kormushka2729_t00055,head_up_ahead,,unk,1,выведено,
kormushka2729_t00060,ambiguous,,,1,выведено,
kormushka2729_t00065,head_up_turnR,,unk,1,выведено,
kormushka2729_t00070,head_up_turnR,,unk,1,выведено,
kormushka2729_t00075,head_up_turnR,,unk,1,выведено,
kormushka2729_t00080,no_bird,,,0,выведено,
kormushka2729_t00085,no_bird,,,0,выведено,
kormushka2729_t00090,no_bird,,,0,выведено,
kormushka2729_t00095,no_bird,,,0,выведено,
kormushka2729_t00100,ambiguous,,,1,выведено,
kormushka2729_t00105,no_bird,,,0,выведено,
kormushka2729_t00110,no_bird,,,0,выведено,
kormushka2729_t00115,no_bird,,,0,выведено,
kormushka2729_t00120,no_bird,,,0,выведено,
kormushka2729_t00125,no_bird,,,0,выведено,
kormushka2729_t00130,no_bird,,,0,выведено,
kormushka2729_t00135,no_bird,,,0,выведено,
kormushka2729_t00140,no_bird,,,0,выведено,
kormushka2729_t00145,no_bird,,,0,выведено,
kormushka2729_t00150,no_bird,,,0,выведено,
kormushka2729_t00155,no_bird,,,0,выведено,
kormushka2729_t00160,no_bird,,,0,выведено,
kormushka2729_t00165,no_bird,,,0,выведено,
kormushka2729_t00170,no_bird,,,0,выведено,
kormushka2729_t00175,no_bird,,,0,выведено,
kormushka2729_t00180,no_bird,,,0,выведено,
kormushka2729_t00185,no_bird,,,0,выведено,
kormushka2729_t00190,no_bird,,,0,выведено,
kormushka2729_t00195,no_bird,,,0,выведено,
kormushka2729_t00200,no_bird,,,0,выведено,
kormushka2729_t00205,no_bird,,,0,выведено,
kormushka2729_t00210,no_bird,,,0,выведено,
kormushka2729_t00215,no_bird,,,0,выведено,
kormushka2729_t00220,no_bird,,,0,выведено,
kormushka2729_t00225,no_bird,,,0,выведено,
kormushka2729_t00230,no_bird,,,0,выведено,
kormushka2729_t00235,no_bird,,,0,выведено,
kormushka2729_t00240,no_bird,,,0,выведено,
kormushka2729_t00245,no_bird,,,0,выведено,
kormushka2729_t00250,no_bird,,,0,выведено,
kormushka2729_t00255,no_bird,,,0,выведено,
kormushka2729_t00260,no_bird,,,0,выведено,
kormushka2729_t00265,ambiguous,,,1,выведено,
kormushka2729_t00270,head_up_ahead,,unk,1,выведено,
kormushka2729_t00275,ambiguous,,,1,выведено,
kormushka2729_t00280,head_up_ahead,,unk,1,выведено,
kormushka2729_t00285,head_up_turnR,,unk,1,выведено,
kormushka2729_t00290,ambiguous,,,1,выведено,
kormushka2729_t00295,head_up_turnR,,unk,1,выведено,
kormushka2729_t00300,no_bird,,,0,выведено,
kormushka2729_t00305,ambiguous,,,1,выведено,
kormushka2729_t00310,ambiguous,,,1,выведено,
kormushka2729_t00315,ambiguous,,,1,выведено,
kormushka2729_t00320,ambiguous,,,1,выведено,
kormushka2729_t00325,ambiguous,,,1,выведено,
kormushka2729_t00330,ambiguous,,,1,выведено,
kormushka2729_t00335,no_bird,,,0,выведено,
kormushka2729_t00340,no_bird,,,0,выведено,
kormushka2729_t00345,no_bird,,,0,выведено,
ryabinnik2686_t00000,handling,L,,1,выведено,
ryabinnik2686_t00005,handling,,,1,выведено,
ryabinnik2686_t00010,handling,,,1,выведено,
ryabinnik2686_t00015,head_up_ahead,,yes,1,выведено,
ryabinnik2686_t00020,head_up_ahead,L,yes,1,выведено,
ryabinnik2686_t00025,head_up_ahead,,no,1,выведено,
ryabinnik2686_t00030,head_down,,,1,выведено,
ryabinnik2686_t00035,head_down,,,1,выведено,
ryabinnik2686_t00040,handling,,,1,выведено,
ryabinnik2686_t00045,head_up_ahead,,no,1,выведено,
ryabinnik2686_t00050,head_up_ahead,L,yes,1,выведено,
ryabinnik2686_t00055,head_up_ahead,,yes,1,выведено,
ryabinnik2686_t00060,head_up_ahead,L,yes,1,выведено,
ryabinnik2686_t00065,head_up_ahead,,no,1,выведено,
ryabinnik2686_t00070,head_down,L,,1,выведено,
ryabinnik2686_t00075,head_down,,,1,выведено,
ryabinnik2686_t00080,handling,L,,1,выведено,
ryabinnik2686_t00085,head_up_ahead,,yes,1,выведено,
ryabinnik2686_t00090,head_up_ahead,,yes,1,выведено,
ryabinnik2686_t00095,head_up_ahead,,yes,1,выведено,
ryabinnik2686_t00100,head_up_ahead,L,yes,1,выведено,
ryabinnik2686_t00105,head_up_ahead,,yes,1,выведено,
ryabinnik2686_t00110,head_down,,,1,выведено,
ryabinnik2686_t00115,handling,,,1,выведено,
ryabinnik2686_t00120,handling,L,,1,выведено,
ryabinnik2686_t00125,handling,,,1,выведено,
ryabinnik2686_t00130,head_up_turnR,,yes,1,выведено,
ryabinnik2686_t00135,head_up_turnR,,yes,1,выведено,
ryabinnik2686_t00140,head_up_turnR,L,yes,1,выведено,
ryabinnik2686_t00145,head_up_turnR,,no,1,выведено,
ryabinnik2686_t00150,head_up_turnR,,no,1,выведено,
ryabinnik2686_t00155,head_up_turnR,,yes,1,выведено,
ryabinnik2686_t00160,head_up_turnL,L,no,1,выведено,
ryabinnik2686_t00165,head_down,,,1,выведено,
ryabinnik2686_t00170,handling,,,1,выведено,
ryabinnik2686_t00175,handling,,,1,выведено,
ryabinnik2686_t00180,head_up_ahead,L,yes,1,выведено,
ryabinnik2686_t00185,head_up_ahead,,yes,1,выведено,
ryabinnik2686_t00190,head_up_ahead,L,yes,1,выведено,
ryabinnik2686_t00195,head_up_ahead,,yes,1,выведено,
ryabinnik2686_t00200,head_up_turnL,L,no,1,выведено,
ryabinnik2686_t00205,head_up_turnL,,no,1,выведено,
ryabinnik2686_t00210,handling,L,,1,выведено,
ryabinnik2686_t00215,head_up_ahead,,yes,1,выведено,
ryabinnik2686_t00220,head_up_turnL,L,no,1,выведено,
ryabinnik2686_t00225,head_up_turnL,,no,1,выведено,
ryabinnik2686_t00230,head_up_turnL,L,no,1,выведено,
ryabinnik2686_t00235,head_up_turnR,,yes,1,выведено,
ryabinnik2686_t00240,head_up_turnR,L,yes,1,выведено,
ryabinnik2686_t00245,head_up_turnR,,yes,1,выведено,
ryabinnik2686_t00250,head_up_ahead,L,no,1,выведено,
ryabinnik2686_t00255,head_down,,,1,выведено,
ryabinnik2686_t00260,head_up_ahead,L,yes,1,выведено,
ryabinnik2686_t00265,head_up_ahead,,no,1,выведено,
ryabinnik2686_t00270,head_up_ahead,L,no,1,выведено,
ryabinnik2686_t00275,head_up_ahead,,no,1,выведено,
ryabinnik2686_t00280,head_up_ahead,,no,1,выведено,
ryabinnik2686_t00285,head_up_turnL,,no,1,выведено,
ryabinnik2686_t00290,head_up_turnL,,no,1,выведено,
ryabinnik2686_t00295,head_down,,,1,выведено,
ryabinnik2686_t00300,ambiguous,,,1,выведено,
ryabinnik2686_t00305,head_up_turnL,,no,1,выведено,
ryabinnik2686_t00310,head_up_ahead,,no,1,выведено,
ryabinnik2686_t00315,head_up_turnR,,unk,1,выведено,
ryabinnik2686_t00320,head_up_turnR,L,yes,1,выведено,
ryabinnik2686_t00325,head_up_turnR,,yes,1,выведено,
ryabinnik2686_t00330,head_up_turnR,L,yes,1,выведено,
ryabinnik2686_t00335,head_up_turnR,,yes,1,выведено,
ryabinnik2686_t00340,head_up_turnR,L,unk,1,выведено,
ryabinnik2686_t00345,head_down,,,1,выведено,
ryabinnik2686_t00350,handling,L,,1,выведено,
ryabinnik2686_t00355,handling,,,1,выведено,
ryabinnik2686_t00360,head_up_ahead,L,unk,1,выведено,
ryabinnik2686_t00365,head_up_turnR,,yes,1,выведено,
ryabinnik2686_t00370,head_up_turnR,L,yes,1,выведено,
ryabinnik2686_t00375,head_up_turnR,,yes,1,выведено,
ryabinnik2686_t00380,head_up_turnR,L,yes,1,выведено,
ryabinnik2686_t00385,head_down,,,1,выведено,
ryabinnik2686_t00390,head_down,L,,1,выведено,
ryabinnik2686_t00395,head_up_ahead,,unk,1,выведено,
ryabinnik2686_t00400,head_up_turnL,L,no,1,выведено,
ryabinnik2686_t00405,head_up_turnL,,no,1,выведено,
ryabinnik2686_t00410,head_up_turnL,L,no,1,выведено,
ryabinnik2686_t00415,head_up_turnL,,no,1,выведено,
ryabinnik2686_t00420,head_up_ahead,L,yes,1,выведено,
ryabinnik2686_t00425,head_up_turnR,,yes,1,выведено,
ryabinnik2686_t00430,handling,,,1,выведено,
ryabinnik2686_t00435,head_up_turnL,,no,1,выведено,
ryabinnik2686_t00440,head_up_turnL,L,no,1,выведено,
ryabinnik2686_t00445,head_up_turnL,,no,1,выведено,
ryabinnik2686_t00450,head_up_turnL,L,no,1,выведено,
ryabinnik2686_t00455,transit,,,1,выведено,
ryabinnik2686_t00460,ambiguous,,,1,выведено,
ryabinnik2686_t00465,ambiguous,,,1,выведено,
ryabinnik2686_t00470,head_up_turnL,,no,1,выведено,
ryabinnik2686_t00475,head_up_turnL,,no,1,выведено,
ryabinnik2686_t00480,head_down,L,,1,выведено,
ryabinnik2686_t00485,head_up_turnL,,no,1,выведено,
ryabinnik2686_t00490,handling,L,,1,выведено,
ryabinnik2686_t00495,handling,,,1,выведено,
ryabinnik2686_t00500,head_up_ahead,L,yes,1,выведено,
ryabinnik2686_t00505,head_up_turnR,,yes,1,выведено,
schiplet_t00000,head_up_turnR,,yes,1,выведено,
schiplet_t00005,head_down,,,1,выведено,
schiplet_t00010,head_up_ahead,,yes,1,выведено,
schiplet_t00015,head_down,,,1,выведено,
schiplet_t00020,head_up_ahead,,no,1,выведено,
schiplet_t00025,head_down,,,1,выведено,
schiplet_t00030,ambiguous,,,1,выведено,
schiplet_t00035,head_up_turnL,,no,1,выведено,
schiplet_t00040,head_down,,,1,выведено,
schiplet_t00045,head_down,,,1,выведено,
schiplet_t00050,ambiguous,,,1,выведено,
sinica0094_t00000,head_up_ahead,,no,1,выведено,
sinica0094_t00005,head_up_turnL,,no,1,выведено,
sinica0094_t00010,head_up_ahead,,unk,1,выведено,
sinica0094_t00015,head_up_ahead,,no,1,выведено,
sinica0094_t00020,head_up_ahead,,no,1,выведено,
sinica0094_t00025,head_up_turnR,,no,1,выведено,
sinica0094_t00030,head_up_turnR,,no,1,выведено,
sinica0094_t00035,head_up_turnR,,no,1,выведено,
sinica0094_t00040,head_up_ahead,,no,1,выведено,
sinica0094_t00045,head_up_ahead,,no,1,выведено,
sinica0094_t00050,head_up_ahead,,no,1,выведено,
sinica0094_t00055,head_up_ahead,,no,1,выведено,
sinica0094_t00060,head_up_ahead,,no,1,выведено,
sinica0094_t00065,head_up_ahead,,no,1,выведено,
sinica0094_t00070,head_up_ahead,,no,1,выведено,
sinica0094_t00075,head_up_ahead,,no,1,выведено,
sinica0094_t00080,head_up_turnL,,no,1,выведено,
sinica0094_t00085,head_up_turnL,,no,1,выведено,
sinica0094_t00090,head_up_ahead,,no,1,выведено,
sinica0094_t00095,head_up_turnR,,no,1,выведено,
sinica0094_t00100,head_up_turnR,,no,1,выведено,
sinica0094_t00105,head_up_turnR,,no,1,выведено,
sinica0094_t00110,head_up_ahead,,no,1,выведено,
sinica0094_t00115,head_up_turnL,,no,1,выведено,
sinica0094_t00120,head_up_turnL,,no,1,выведено,
sinica0094_t00125,head_up_ahead,,no,1,выведено,
sinica0094_t00130,head_up_ahead,,no,1,выведено,
sinica0094_t00135,head_up_ahead,,no,1,выведено,
sinica0094_t00140,head_up_ahead,,no,1,выведено,
sinica0094_t00145,head_up_ahead,,no,1,выведено,
sinica0094_t00150,head_up_ahead,,no,1,выведено,
sinica0094_t00155,head_up_ahead,,no,1,выведено,
sinica0094_t00160,head_up_turnL,,no,1,выведено,
sinica0094_t00165,head_up_ahead,,no,1,выведено,
sinica0094_t00170,head_up_ahead,,no,1,выведено,
sinica0094_t00175,head_up_turnR,,no,1,выведено,
sinica0094_t00180,head_up_turnR,,no,1,выведено,
sinica0094_t00185,head_up_turnR,,no,1,выведено,
sinica0094_t00190,head_up_turnR,,no,1,выведено,
sinica0094_t00195,head_up_turnR,,no,1,выведено,
sinica0094_t00200,head_up_turnL,,no,1,выведено,
sinica0094_t00205,head_up_turnL,,unk,1,выведено,
sinica0094_t00210,head_up_ahead,,unk,1,выведено,
sinica0094_t00215,head_up_ahead,,no,1,выведено,
sinica0094_t00220,head_up_ahead,,no,1,выведено,
sinica0094_t00225,head_up_ahead,,no,1,выведено,
sinica0094_t00230,head_up_ahead,,unk,1,выведено,
sinica0094_t00235,head_up_turnR,,unk,1,выведено,
sinica0094_t00240,head_up_turnL,,unk,1,выведено,
sinica0094_t00245,head_up_turnL,,unk,1,выведено,
sinica0094_t00250,head_up_turnL,,unk,1,выведено,
sinica0094_t00255,head_up_ahead,,no,1,выведено,
sinica0094_t00260,head_up_ahead,,no,1,выведено,
sinica0094_t00265,head_up_turnL,,unk,1,выведено,
sinica0094_t00270,head_up_turnL,,unk,1,выведено,
sinica0094_t00275,head_up_turnL,,unk,1,выведено,
sinica0094_t00280,head_up_ahead,,no,1,выведено,
sinica0094_t00285,head_up_ahead,,unk,1,выведено,
sinica0094_t00290,head_up_ahead,,unk,1,выведено,
sinica0094_t00295,head_up_turnL,,unk,1,выведено,
sinica0094_t00300,head_up_turnL,,unk,1,выведено,
sinica0094_t00305,head_up_turnL,,unk,1,выведено,
sinica0094_t00310,head_up_turnL,,no,1,выведено,
sinica0094_t00315,head_up_turnL,,no,1,выведено,
sinica0094_t00320,head_up_turnL,,unk,1,выведено,
sinica0094_t00325,head_up_turnL,,unk,1,выведено,
sinica0094_t00330,no_bird,,,0,выведено,
sinica0094_t00335,no_bird,,,0,выведено,
sinica0094_t00340,no_bird,,,0,выведено,
snegir2692_t00000,ambiguous,,,1,выведено,
snegir2692_t00005,handling,,,1,выведено,
snegir2692_t00010,handling,,,1,выведено,
snegir2692_t00015,handling,,,1,выведено,
snegir2692_t00020,head_up_ahead,,yes,1,выведено,
snegir2692_t00025,head_up_ahead,,yes,1,выведено,
snegir2692_t00030,head_up_turnL,L,no,1,выведено,
snegir2692_t00035,head_up_ahead,,yes,1,выведено,
snegir2692_t00040,head_down,,,1,выведено,
snegir2692_t00045,head_down,,,1,выведено,
snegir2692_t00050,handling,,,1,выведено,
snegir2692_t00055,head_up_turnR,,yes,1,выведено,
snegir2692_t00060,head_up_turnL,,no,1,выведено,
snegir2692_t00065,head_up_turnL,,no,1,выведено,
snegir2692_t00070,head_down,,,1,выведено,
snegir2692_t00075,head_down,,,1,выведено,
snegir2692_t00080,head_up_turnL,,no,1,выведено,
snegir2692_t00085,head_up_turnL,,no,1,выведено,
snegir2692_t00090,head_up_turnL,,no,1,выведено,
snegir2692_t00095,head_up_turnL,,no,1,выведено,
snegir2692_t00100,head_down,,,1,выведено,
snegir2692_t00105,handling,,,1,выведено,
snegir2692_t00110,handling,,,1,выведено,
snegir2692_t00115,head_up_turnR,,yes,1,выведено,
snegir2692_t00120,head_up_turnR,,yes,1,выведено,
snegir2692_t00125,head_down,,,1,выведено,
snegir2692_t00130,head_down,,,1,выведено,
snegir2692_t00135,head_down,,,1,выведено,
snegir2692_t00140,handling,L,,1,выведено,
snegir2692_t00145,handling,,,1,выведено,
snegir2692_t00150,head_down,,,1,выведено,
snegir2692_t00155,head_down,,,1,выведено,
snegir2692_t00160,head_down,,,1,выведено,
snegir2692_t00165,handling,,,1,выведено,
snegir2692_t00170,handling,L,,1,выведено,
snegir2692_t00175,head_up_turnR,,yes,1,выведено,
snegir2692_t00180,head_up_turnR,L,yes,1,выведено,
snegir2692_t00185,head_up_turnR,,yes,1,выведено,
snegir2692_t00190,head_up_ahead,,no,1,выведено,
snegir2692_t00195,head_up_ahead,,no,1,выведено,
snegir2692_t00200,head_down,,,1,выведено,
snegir2692_t00205,head_down,,,1,выведено,
snegir2692_t00210,head_down,,,1,выведено,
snegir2692_t00215,head_down,,,1,выведено,
snegir2692_t00220,head_down,,,1,выведено,
snegir2692_t00225,head_down,,,1,выведено,
snegir2692_t00230,head_down,,,1,выведено,
snegir2692_t00235,head_down,,,1,выведено,
snegir2692_t00240,handling,,,1,выведено,
snegir2692_t00245,head_down,,,1,выведено,
snegir2692_t00250,head_down,,,1,выведено,
snegir2692_t00255,ambiguous,,,1,выведено,
snegir2692_t00260,ambiguous,,,1,выведено,
snegir2692_t00265,ambiguous,,,1,выведено,
snegir2692_t00270,ambiguous,,,1,выведено,
snegir2692_t00275,ambiguous,,,1,выведено,
snegir2692_t00280,head_up_turnL,,no,1,выведено,
snegir2692_t00285,head_up_turnL,,no,1,выведено,
snegir2692_t00290,head_up_turnL,,no,1,выведено,
snegir2692_t00295,ambiguous,,,1,выведено,
snegir2692_t00300,ambiguous,,,1,выведено,
snegir2692_t00305,head_up_turnL,,no,1,выведено,
snegir2692_t00310,head_up_turnL,,no,1,выведено,
snegir2692_t00315,head_up_turnL,,no,1,выведено,
snegir2692_t00320,transit,,,1,выведено,
snegir2692_t00325,head_up_turnR,,no,1,выведено,
snegir2692_t00330,head_up_turnL,,no,1,выведено,
snegir2692_t00335,ambiguous,,,1,выведено,
snegir2692_t00340,ambiguous,,,1,выведено,
snegir2692_t00345,ambiguous,,,1,выведено,
snegir2692_t00350,ambiguous,L,,1,выведено,
snegir2692_t00355,ambiguous,,,1,выведено,
snegir2692_t00360,head_up_ahead,,unk,1,выведено,
snegir2692_t00365,ambiguous,,,1,выведено,
snegir2692_t00370,head_up_ahead,,unk,1,выведено,
snegir2692_t00375,head_up_ahead,,yes,1,выведено,
snegir2692_t00380,head_up_turnL,,no,1,выведено,
snegir2692_t00385,head_up_ahead,,yes,1,выведено,
snegir2692_t00390,ambiguous,,,1,выведено,
snegir2692_t00395,head_down,,,1,выведено,
snegir2692_t00400,handling,,,1,выведено,
snegir2692_t00405,head_up_ahead,,yes,1,выведено,
snegir2692_t00410,ambiguous,,,1,выведено,
snegir2692_t00415,ambiguous,,,1,выведено,
snegir2692_t00420,ambiguous,,,1,выведено,
snegir2692_t00425,ambiguous,,,1,выведено,
snegir2692_t00430,handling,L,,1,выведено,
snegir2692_t00435,handling,,,1,выведено,
snegir2692_t00440,handling,L,,1,выведено,
snegir2692_t00445,handling,,,1,выведено,
snegir2692_t00450,handling,L,,1,выведено,
snegir2692_t00455,handling,,,1,выведено,
snegir2692_t00460,handling,L,,1,выведено,
snegir2692_t00465,ambiguous,,,1,выведено,
snegir2692_t00470,handling,,,1,выведено,
snegir2692_t00475,ambiguous,,,1,выведено,
snegir2692_t00480,ambiguous,,,1,выведено,
snegir2692_t00485,handling,,,1,выведено,
snegir2692_t00490,head_up_ahead,F,yes,1,выведено,
snegir2692_t00495,head_down,,,1,выведено,
snegir2692_t00500,head_down,,,1,выведено,
snegir2692_t00505,head_down,,,1,выведено,
snegir2692_t00510,head_down,,,1,выведено,
snegir2692_t00515,head_up_turnL,,no,1,выведено,
snegir2692_t00520,head_up_turnL,R,no,1,выведено,
snegir2692_t00525,head_up_turnL,,no,1,выведено,
snegir2692_t00530,head_up_turnL,F,no,1,выведено,
snegir2692_t00535,head_up_turnL,,no,1,выведено,
snegir2692_t00540,handling,R,,1,выведено,
snegir2692_t00545,head_up_ahead,,yes,1,выведено,
snegir2692_t00550,head_up_ahead,F,yes,1,выведено,
snegir2692_t00555,head_down,,,1,выведено,
snegir2692_t00560,head_down,,,1,выведено,
snegir2692_t00565,handling,,,1,выведено,
snegir2692_t00570,handling,R,,1,выведено,
snegir2692_t00575,handling,,,1,выведено,
snegir2692_t00580,handling,R,,1,выведено,
snegir2692_t00585,head_down,,,1,выведено,
snegir2692_t00590,head_down,F,,1,выведено,
snegir2692_t00595,head_down,,,1,выведено,
snegir2692_t00600,head_up_turnR,R,no,1,выведено,
snegir2692_t00605,handling,,,1,выведено,
snegir2692_t00610,handling,R,,1,выведено,
snegir2692_t00615,handling,,,1,выведено,
snegir2692_t00620,head_up_turnL,R,no,1,выведено,
snegir2692_t00625,head_up_turnL,,yes,1,выведено,
snegir2692_t00630,head_up_turnL,R,no,1,выведено,
snegir2692_t00635,head_up_turnR,,no,1,выведено,
snegir2692_t00640,head_down,,,1,выведено,
snegir2692_t00645,head_down,,,1,выведено,
snegir2692_t00650,head_down,,,1,выведено,
snegir2692_t00655,handling,,,1,выведено,
snegir2692_t00660,ambiguous,,,1,выведено,
snegir2692_t00665,ambiguous,,,1,выведено,
snegir2692_t00670,handling,,,1,выведено,
snegir2692_t00675,head_down,,,1,выведено,
snegir2692_t00680,head_down,,,1,выведено,
snegir2692_t00685,ambiguous,,,1,выведено,
snegir2692_t00690,head_up_turnR,A,no,1,выведено,
snegir2692_t00695,head_up_ahead,,yes,1,выведено,
snegir2692_t00700,head_up_turnL,R,yes,1,выведено,
snegir2692_t00705,head_up_turnL,,yes,1,выведено,
snegir2692_t00710,head_up_turnL,R,yes,1,выведено,
snegir2692_t00715,head_up_turnL,,yes,1,выведено,
snegir2692_t00720,ambiguous,,,1,выведено,
snegir2692_t00725,ambiguous,,,1,выведено,
snegir2692_t00730,ambiguous,,,1,выведено,
snegir2692_t00735,ambiguous,,,1,выведено,
snegir2692_t00740,head_up_ahead,,unk,1,выведено,
snegir2692_t00745,head_up_ahead,,unk,1,выведено,
snegir2692_t00750,ambiguous,,,1,выведено,
snegir2692_t00755,ambiguous,,,1,выведено,
snegir2692_t00760,ambiguous,,,1,выведено,
snegir2692_t00765,handling,,,1,выведено,
snegir2692_t00770,ambiguous,,,1,выведено,
snegir2692_t00775,ambiguous,,,1,выведено,
snegir2692_t00780,ambiguous,,,1,выведено,
snegir2692_t00785,ambiguous,,,1,выведено,
snegir2692_t00790,ambiguous,,,1,выведено,
snegir2692_t00795,ambiguous,,,1,выведено,
snegir2692_t00800,ambiguous,,,1,выведено,
snegir2692_t00805,ambiguous,,,1,выведено,
snegir2692_t00810,ambiguous,,,1,выведено,
snegir2692_t00815,ambiguous,,,1,выведено,
kormushka2622_t00000,head_up_ahead,,,1,выведено,
kormushka2622_t00005,head_up_ahead,,,1,выведено,
kormushka2622_t00010,head_up_ahead,,,1,выведено,
kormushka2622_t00015,head_up_ahead,,,1,выведено,
kormushka2622_t00020,head_up_ahead,,,1,выведено,
kormushka2622_t00025,head_up_ahead,,,1,выведено,
kormushka2622_t00030,head_up_ahead,,,1,выведено,
kormushka2622_t00035,head_up_ahead,,,1,выведено,
kormushka2622_t00040,head_up_ahead,,,1,выведено,
kormushka2622_t00045,head_up_ahead,,,1,выведено,
kormushka2622_t00050,head_up_ahead,,,1,выведено,
kormushka2622_t00055,head_up_ahead,,,1,выведено,
kormushka2622_t00060,head_up_ahead,,,1,выведено,
kormushka2622_t00065,head_up_ahead,,,1,выведено,
kormushka2622_t00070,head_up_ahead,,,1,выведено,
kormushka2622_t00075,head_up_ahead,,,1,выведено,
kormushka2622_t00080,head_up_ahead,,,1,выведено,
kormushka2622_t00085,head_up_ahead,,,1,выведено,
kormushka2622_t00090,head_up_ahead,,,1,выведено,
kormushka2622_t00095,head_up_ahead,,,1,выведено,
kormushka2622_t00100,head_up_ahead,,,1,выведено,
kormushka2622_t00105,head_up_ahead,,,1,выведено,
kormushka2622_t00110,head_up_ahead,,,1,выведено,
kormushka2622_t00115,head_up_ahead,,,1,выведено,
kormushka2622_t00120,head_up_ahead,,,1,выведено,
kormushka2622_t00125,head_up_ahead,,,1,выведено,
kormushka2622_t00130,head_up_ahead,,,1,выведено,
kormushka2622_t00135,head_up_ahead,,,1,выведено,
kormushka2701_t00000,ambiguous,,,1,выведено,
kormushka2701_t00005,head_up_ahead,,,1,выведено,
kormushka2701_t00010,head_up_ahead,,,1,выведено,
kormushka2701_t00015,head_up_turnR,,,1,выведено,
kormushka2701_t00020,head_down,,,1,выведено,
kormushka2701_t00025,head_down,,,1,выведено,
kormushka2701_t00030,head_down,,,1,выведено,
kormushka2701_t00035,head_down,,,1,выведено,
kormushka2701_t00040,handling,,,1,выведено,
kormushka2701_t00045,head_up_turnL,,,1,выведено,
kormushka2701_t00050,head_down,,,1,выведено,
kormushka2701_t00055,head_up_turnL,,,1,выведено,
kormushka2701_t00060,head_up_ahead,,,1,выведено,
kormushka2701_t00065,head_up_ahead,,,1,выведено,
kormushka2701_t00070,head_down,,,1,выведено,
kormushka2701_t00075,head_down,,,1,выведено,
kormushka2701_t00080,head_down,,,1,выведено,
kormushka2701_t00085,handling,,,1,выведено,
kormushka2701_t00090,handling,,,1,выведено,
kormushka2701_t00095,head_up_turnL,,,1,выведено,
kormushka2726_t00000,ambiguous,,,1,выведено,
kormushka2726_t00005,ambiguous,,,1,выведено,
kormushka2726_t00010,head_up_ahead,,,1,выведено,
kormushka2726_t00015,head_up_ahead,,,1,выведено,
kormushka2726_t00020,head_up_ahead,,,1,выведено,
kormushka2726_t00025,head_up_ahead,,,1,выведено,
kormushka2726_t00030,head_up_turnR,,,1,выведено,
kormushka2726_t00035,head_up_turnR,,,1,выведено,
kormushka2726_t00040,head_up_turnR,,,1,выведено,
kormushka2726_t00045,head_up_turnR,,,1,выведено,
kormushka2726_t00050,head_up_turnR,,,1,выведено,
kormushka2726_t00055,head_up_turnR,,,1,выведено,
kormushka2726_t00060,ambiguous,,,1,выведено,
kormushka2726_t00065,ambiguous,,,1,выведено,
kormushka2726_t00070,head_up_ahead,,,1,выведено,
kormushka2726_t00075,head_up_ahead,,,1,выведено,
kormushka2726_t00080,head_up_turnR,,,1,выведено,
kormushka2726_t00085,head_up_turnR,,,1,выведено,
kormushka2726_t00090,head_up_ahead,,,1,выведено,
kormushka2726_t00095,head_up_ahead,,,1,выведено,
kormushka2726_t00100,head_up_ahead,,,1,выведено,
kormushka2726_t00105,head_up_turnR,,,1,выведено,
kormushka2726_t00110,head_up_turnR,,,1,выведено,
kormushka2726_t00115,head_up_turnR,,,1,выведено,
kormushka2726_t00120,head_up_turnR,,,1,выведено,
kormushka2726_t00125,head_up_turnR,,,1,выведено,
kormushka2726_t00130,head_up_turnR,,,1,выведено,
kormushka2726_t00135,head_up_turnR,,,1,выведено,
kormushka2726_t00140,head_up_ahead,,,1,выведено,
kormushka2726_t00145,head_up_turnR,,,1,выведено,
kormushka2726_t00150,head_up_turnR,,,1,выведено,
kormushka2726_t00155,head_up_turnR,,,1,выведено,
kormushka2726_t00160,head_up_turnR,,,1,выведено,
kormushka2726_t00165,head_up_ahead,,,1,выведено,
kormushka2726_t00170,head_up_ahead,,,1,выведено,
kormushka2726_t00175,head_up_turnR,,,1,выведено,
kormushka2726_t00180,head_up_ahead,,,1,выведено,
kormushka2726_t00185,head_up_ahead,,,1,выведено,
kormushka2726_t00190,head_up_ahead,,,1,выведено,
kormushka2726_t00195,head_up_ahead,,,1,выведено,
kormushka2726_t00200,head_up_turnR,,,1,выведено,
kormushka2726_t00205,head_up_ahead,,,1,выведено,
kormushka2726_t00210,head_up_ahead,,,1,выведено,
kormushka2726_t00215,head_up_ahead,,,1,выведено,
kormushka2726_t00220,head_up_ahead,,,1,выведено,
kormushka2726_t00225,head_up_ahead,,,1,выведено,
kormushka2726_t00230,head_up_turnR,,,1,выведено,
kormushka2726_t00235,head_up_turnR,,,1,выведено,
kormushka2726_t00240,head_up_turnR,,,1,выведено,
kormushka2726_t00245,head_up_ahead,,,1,выведено,
kormushka2726_t00250,head_up_ahead,,,1,выведено,
kormushka2726_t00255,head_up_turnR,,,1,выведено,
kormushka2726_t00260,head_up_ahead,,,1,выведено,
kormushka2726_t00265,head_up_turnR,,,1,выведено,
kormushka2726_t00270,head_up_turnR,,,1,выведено,
kormushka2726_t00275,head_up_turnR,,,1,выведено,
kormushka2726_t00280,ambiguous,,,1,выведено,
kormushka2726_t00285,ambiguous,,,1,выведено,
kormushka2726_t00290,ambiguous,,,1,выведено,
kormushka2726_t00295,head_up_ahead,,,1,выведено,
kormushka2726_t00300,head_up_turnR,,,1,выведено,
kormushka2726_t00305,head_up_turnR,,,1,выведено,
kormushka2726_t00310,head_up_turnR,,,1,выведено,
kormushka2726_t00315,ambiguous,,,1,выведено,
kormushka2726_t00320,ambiguous,,,1,выведено,
kormushka2726_t00325,head_up_turnR,,,1,выведено,
kormushka2726_t00330,head_up_ahead,,,1,выведено,
kormushka2726_t00335,head_up_ahead,,,1,выведено,
kormushka2726_t00340,head_up_ahead,,,1,выведено,
kormushka2726_t00345,head_up_ahead,,,1,выведено,
kormushka2726_t00350,head_up_turnR,,,1,выведено,
kormushka2726_t00355,head_up_turnR,,,1,выведено,
kormushka2726_t00360,head_up_ahead,,,1,выведено,
kormushka2726_t00365,head_up_ahead,,,1,выведено,
kormushka2726_t00370,head_up_ahead,,,1,выведено,
kormushka2726_t00375,head_up_turnL,,,1,выведено,
kormushka2726_t00380,head_up_ahead,,,1,выведено,
kormushka2726_t00385,head_up_turnL,,,1,выведено,
kormushka2726_t00390,head_up_ahead,,,1,выведено,
kormushka2726_t00395,head_up_turnL,,,1,выведено,
sinica2683_t00000,ambiguous,,,1,выведено,
sinica2683_t00005,ambiguous,,,1,выведено,
sinica2683_t00010,ambiguous,,,1,выведено,
sinica2683_t00015,ambiguous,,,1,выведено,
sinica2683_t00020,ambiguous,,,1,выведено,
sinica2683_t00025,head_up_ahead,,,1,выведено,
sinica2683_t00030,head_up_ahead,,,1,выведено,
sinica2683_t00035,head_up_ahead,,,1,выведено,
sinica2683_t00040,head_up_ahead,,,1,выведено,
sinica2683_t00045,head_up_turnR,,,1,выведено,
sinica2683_t00050,head_up_turnR,,,1,выведено,
sinica2683_t00055,head_up_ahead,,,1,выведено,
sinica2683_t00060,head_up_ahead,,,1,выведено,
sinica2683_t00065,head_up_ahead,,,1,выведено,
sinica2683_t00070,head_up_ahead,,,1,выведено,
sinica2683_t00075,head_up_turnR,,,1,выведено,
sinica2683_t00080,head_up_turnR,,,1,выведено,
sinica2683_t00085,ambiguous,,,1,выведено,
sinica2683_t00090,ambiguous,,,1,выведено,
sinica2683_t00095,ambiguous,,,1,выведено,
sinica2683_t00100,head_up_ahead,,,1,выведено,
sinica2683_t00105,head_up_turnL,,,1,выведено,
sinica2683_t00110,head_up_turnL,,,1,выведено,
sinica2683_t00115,transit,,,1,выведено,
sinica2806_t00000,ambiguous,,,1,выведено,
sinica2806_t00005,ambiguous,,,1,выведено,
sinica2806_t00010,ambiguous,,,1,выведено,
sinica2806_t00015,head_up_ahead,,,1,выведено,
sinica2806_t00020,ambiguous,,,1,выведено,
sinica2806_t00025,head_up_turnR,,,1,выведено,
sinica2806_t00030,ambiguous,,,1,выведено,
sinica2806_t00035,head_down,,,1,выведено,
sinica2806_t00040,ambiguous,,,1,выведено,
sinica2806_t00045,head_down,,,1,выведено,
sinica2806_t00050,ambiguous,,,1,выведено,
sinica2806_t00055,ambiguous,,,1,выведено,
sinica2806_t00060,ambiguous,,,1,выведено,
sinica2806_t00065,head_up_ahead,,,1,выведено,
sinica2806_t00070,head_up_ahead,,,1,выведено,
sinica2806_t00075,head_down,,,1,выведено,
sinica2806_t00080,ambiguous,,,1,выведено,
sinica2806_t00085,ambiguous,,,1,выведено,
sinica2806_t00090,ambiguous,,,1,выведено,
sinica2806_t00095,ambiguous,,,1,выведено,
sinica2806_t00100,head_down,,,1,выведено,
sinica2806_t00105,ambiguous,,,1,выведено,
sinica2806_t00110,ambiguous,,,1,выведено,
sinica2806_t00115,head_up_turnR,,,1,выведено,
sinica2806_t00120,head_up_ahead,,,1,выведено,
sinica2806_t00125,head_down,,,1,выведено,
sinica2806_t00130,ambiguous,,,1,выведено,
sinica2806_t00135,ambiguous,,,1,выведено,
sinica2806_t00140,ambiguous,,,1,выведено,
sinica2806_t00145,ambiguous,,,1,выведено,
sinica2806_t00150,ambiguous,,,1,выведено,
sinica2806_t00155,ambiguous,,,1,выведено,
sinica2806_t00160,ambiguous,,,1,выведено,
sinica2806_t00165,ambiguous,,,1,выведено,
sinica2806_t00170,ambiguous,,,1,выведено,
sinica2806_t00175,ambiguous,,,1,выведено,
sinica2813_t00000,ambiguous,,,1,выведено,
sinica2813_t00005,ambiguous,,,1,выведено,
sinica2813_t00010,head_up_ahead,,,1,выведено,
sinica2813_t00015,head_up_turnR,,,1,выведено,
sinica2813_t00020,head_up_turnR,,,1,выведено,
sinica2813_t00025,head_up_ahead,,,1,выведено,
sinica2813_t00030,head_up_ahead,,,1,выведено,
sinica2813_t00035,ambiguous,,,1,выведено,
sinica2813_t00040,ambiguous,,,1,выведено,
sinica2813_t00045,head_up_turnL,,,1,выведено,
sinica2813_t00050,ambiguous,,,1,выведено,
sinica2813_t00055,ambiguous,,,1,выведено,
sinica2813_t00060,head_up_turnR,,,1,выведено,
sinica2813_t00065,head_up_ahead,,,1,выведено,
sinica2813_t00070,head_up_ahead,,,1,выведено,
sinica2813_t00075,head_up_turnR,,,1,выведено,
sinica2813_t00080,head_up_ahead,,,1,выведено,
sinica2813_t00085,head_up_turnL,,,1,выведено,
sinica2813_t00090,head_up_turnL,,,1,выведено,
sinica2813_t00095,head_up_turnL,,,1,выведено,
sinica2823_t00000,head_up_turnR,,,1,выведено,
sinica2823_t00005,head_up_turnR,,,1,выведено,
sinica2823_t00010,head_up_ahead,,,1,выведено,
sinica2823_t00015,head_up_ahead,,,1,выведено,
sinica2823_t00020,head_up_turnL,,,1,выведено,
sinica2823_t00025,head_up_turnL,,,1,выведено,
sinica2823_t00030,head_up_ahead,,,1,выведено,
sinica2823_t00035,head_up_ahead,,,1,выведено,
sinica2823_t00040,head_up_ahead,,,1,выведено,
sinica2823_t00045,head_up_turnL,,,1,выведено,
sinica2823_t00050,head_up_ahead,,,1,выведено,
sinica2823_t00055,head_up_ahead,,,1,выведено,
sinica2823_t00060,head_up_ahead,,,1,выведено,
sinica2823_t00065,head_up_turnL,,,1,выведено,
sinica2823_t00070,head_up_turnL,,,1,выведено,
sinica2823_t00075,head_up_ahead,,,1,выведено,
sinica2823_t00080,head_up_turnR,,,1,выведено,
sinica2823_t00085,head_up_turnL,,,1,выведено,
sinica2823_t00090,head_up_ahead,,,1,выведено,
sinica2823_t00095,transit,,,1,выведено,
sinica2823_t00100,no_bird,,,0,выведено,
sinica2823_t00105,no_bird,,,0,выведено,
sinica2823_t00110,no_bird,,,0,выведено,
sinica2823_t00115,no_bird,,,0,выведено,
sinica2823_t00120,no_bird,,,0,выведено,
sinica2823_t00125,no_bird,,,0,выведено,
sinica2823_t00130,no_bird,,,0,выведено,
sinica2823_t00135,no_bird,,,0,выведено,
sinica2823_t00140,no_bird,,,0,выведено,
sinica2823_t00145,no_bird,,,0,выведено,
sinica2823_t00150,no_bird,,,0,выведено,
sinica2823_t00155,no_bird,,,0,выведено,
